date,open,high,low,close,volume
2004-01-02,996.996,1021.568,993.892,1011.347,8064653
2004-01-05,1008.279,1060.898,1008.279,1060.801,1446818000
2004-01-06,1059.141,1086.694,1059.095,1075.656,1699133400
2004-01-07,1075.562,1095.841,1070.98,1086.303,1372941900
2004-01-08,1087.68,1108.291,1082.509,1102.662,1078042700
2004-01-09,1105.77,1115.461,1079.072,1081.785,1346744200
2004-01-12,1081.807,1117.505,1079.773,1116.799,1023394300
2004-01-13,1120.149,1123.656,1089.633,1102.341,983718900
2004-01-14,1101.445,1101.666,1076.869,1079.72,712049900
2004-01-15,1078.533,1088.67,1070.727,1073.977,617920700
2004-01-16,1076.636,1087.817,1067.847,1083.652,717416700
2004-01-29,1086.657,1101.027,1084.455,1100.604,579123000
2004-01-30,1102.17,1103.699,1066.445,1067.553,776111800
2004-02-02,1107.49,1116.314,1069.967,1091.729,1543292200
2004-02-03,1091.865,1103.244,1084.391,1102.954,841110700
2004-02-04,1104.74,1130.139,1104.74,1128.443,1053499000
2004-02-05,1135.616,1136.423,1118.168,1127.897,977431400
2004-02-06,1125.488,1139.088,1108.909,1122.084,1114033700
2004-02-09,1122.285,1134.91,1122.275,1134.611,859830500
2004-02-10,1137.717,1141.994,1116.929,1120.961,866278000
2004-02-11,1121.807,1123.769,1100.237,1110.061,924632000
2004-02-12,1110.835,1122.482,1092.293,1094.112,958159700
2004-02-13,1094.002,1105.819,1088.859,1096.362,690482100
2004-02-16,1098.858,1124.355,1098.858,1123.748,762341000
2004-02-17,1127.098,1132.714,1121.277,1123.618,881589700
2004-02-18,1123.701,1136.532,1119.628,1129.275,809371100
2004-02-19,1130.396,1138.082,1119.669,1122.38,713080500
2004-02-20,1122.93,1125.372,1112.944,1124.661,598875900
2004-02-23,1126.231,1129.52,1092.014,1093.137,880250900
2004-02-24,1090.25,1095.937,1072.329,1093.102,844938200
2004-02-25,1094.431,1104.349,1067.127,1070.362,806405500
2004-02-26,1068.125,1080.232,1061.197,1079.897,810089000
2004-02-27,1081.715,1090.892,1079.934,1088.725,729306900
2004-03-01,1089.653,1095.233,1076.076,1094.242,644171500
2004-03-02,1096.105,1099.714,1086.724,1093.391,557731800
2004-03-03,1093.358,1093.742,1067.944,1072.639,521481900
2004-03-04,1070.9,1079.269,1061.888,1078.348,481043300
2004-03-05,1080.338,1083.14,1070.302,1071.581,336502700
2004-03-08,1070.114,1075.748,1056.044,1057.102,459984900
2004-03-09,1057.358,1075.22,1056.883,1061.159,691802100
2004-03-10,1062.976,1091.346,1062.976,1091.097,611397300
2004-03-11,1092.741,1102.221,1086.547,1095.564,576179100
2004-03-12,1096.348,1102.126,1088.441,1099.081,523609700
2004-03-15,1100.404,1134.283,1100.149,1131.675,1025206900
2004-03-16,1136.273,1139.486,1127.851,1135.571,732935900
2004-03-17,1136.453,1139.276,1124.6,1135.167,548980200
2004-03-18,1134.926,1141.809,1110.318,1111.849,686980500
2004-03-19,1110.442,1130.264,1107.103,1129.775,588599400
2004-03-22,1130.868,1141.812,1126.193,1134.787,509368600
2004-03-23,1133.993,1134.126,1115.67,1121.332,558753500
2004-03-24,1120.206,1125.06,1109.334,1115.512,480013900
2004-03-25,1114.748,1126.187,1108.179,1115.239,460921600
2004-03-26,1115.493,1118.724,1105.554,1112.782,539454700
2004-03-29,1112.276,1115.054,1100.428,1101.659,533627000
2004-03-30,1100.799,1106.01,1093.119,1101.271,415867700
2004-03-31,1102.286,1113.737,1097.868,1108.54,424786000
2004-04-01,1109.72,1124.254,1108.914,1123.435,468270700
2004-04-02,1125.361,1133.437,1122.642,1127.805,578895400
2004-04-05,1128.506,1129.815,1112.291,1118.273,625974900
2004-04-06,1117.886,1124.017,1106.6,1123.856,554598000
2004-04-07,1124.251,1125.63,1116.128,1117.44,467449900
2004-04-08,1117.117,1118.475,1109.779,1112.839,575873600
2004-04-09,1113.72,1119.148,1083.332,1088.157,692196600
2004-04-12,1082.449,1087.479,1071.116,1080.08,502117400
2004-04-13,1081.053,1087.322,1070.843,1072.726,495885300
2004-04-14,1072.199,1074.627,1052.917,1065.682,483803700
2004-04-15,1066.18,1072.238,1053.078,1055.889,360120300
2004-04-16,1056.795,1071.551,1049.025,1071.228,443763700
2004-04-19,1072.499,1073.398,1052.502,1054.738,407868300
2004-04-20,1053.437,1059.417,1045.205,1052.244,339388700
2004-04-21,1053.377,1061.653,1040.373,1043.533,449280400
2004-04-22,1042.47,1055.21,1039.351,1050.757,413564600
2004-04-23,1048.233,1048.268,1032.868,1034.409,323634900
2004-04-26,1034.044,1041.591,1030.058,1038.999,250798500
2004-04-27,1040.915,1045.245,1027.613,1031.217,359931600
2004-04-28,1028.458,1034.912,1015.867,1029.806,373342800
2004-04-29,1028.585,1037.751,1015.497,1016.513,481146900
2004-04-30,1017.641,1029.62,1011.209,1025.954,478189600
2004-05-10,1028.457,1031.017,993.643,996.164,279728500
2004-05-11,994.055,1006.166,989.314,1003.898,213318500
2004-05-12,1004.796,1025.413,1001.967,1025.02,320194100
2004-05-13,1026.669,1026.817,1016.249,1020.998,210518100
2004-05-14,1020.902,1021.308,994.952,997.947,267589800
2004-05-17,993.14,999.452,980.672,981.737,297570400
2004-05-18,978.299,989.497,966.061,989.207,522288100
2004-05-19,989.866,1001.896,981.121,988.922,385234400
2004-05-20,988.989,1000.274,981.279,985.931,261329500
2004-05-21,985.928,995.179,985.136,994.45,258370200
2004-05-24,995.075,997.722,989.207,991.847,205245700
2004-05-25,991.774,991.998,977.222,978.595,231180000
2004-05-26,976.523,986.94,972.408,984.998,177462400
2004-05-27,984.581,1006.686,977.728,1003.286,401493200
2004-05-28,1003.931,1005.88,994.412,995.637,210253300
2004-05-31,995.834,1003.76,994.683,1001.194,178767300
2004-06-01,1000.277,1014.212,999.332,1014.174,290410200
2004-06-02,1014.309,1014.713,999.221,1001.687,265661800
2004-06-03,1000.998,1001.136,985.104,986.446,208833400
2004-06-04,985.548,992.033,981.615,986.225,209080200
2004-06-07,984.036,984.084,967.639,973.22,216327100
2004-06-08,971.027,974.648,952.842,954.77,329036000
2004-06-09,952.189,956.681,938.961,941.304,309236100
2004-06-10,939.497,951.348,936.641,944.254,285158500
2004-06-11,947.5,961.57,941.545,942.862,294890700
2004-06-14,941.039,941.039,919.529,924.594,289100000
2004-06-15,922.931,948.28,919.959,942.679,305725500
2004-06-16,943.362,958.997,933.48,947.163,336261100
2004-06-17,946.559,948.365,924.791,926.036,259071100
2004-06-18,922.342,922.342,899.268,910.187,357202700
2004-06-21,904.953,913.912,899.215,909.046,212560000
2004-06-22,908.856,924.617,905.941,918.798,250321300
2004-06-23,918.433,918.433,905.414,912.853,222728300
2004-06-24,911.364,918.322,905.002,906.417,231160600
2004-06-25,904.475,912.883,890.222,891.79,244864800
2004-06-28,887.16,892.581,880.53,883.755,224605300
2004-06-29,885.062,901.389,877.324,901.048,313965900
2004-06-30,900.342,907.373,894.19,897.707,270063800
2004-07-01,896.378,927.623,896.012,925.001,446007100
2004-07-02,924.081,931.416,917.039,926.617,316089200
2004-07-05,925.369,928.747,919.002,928.666,330734900
2004-07-06,928.763,944.287,928.386,931.883,422602500
2004-07-07,930.684,930.739,921.237,923.864,211908500
2004-07-08,922.633,927.372,917.47,927.035,207932700
2004-07-09,927.22,936.921,922.276,923.202,225625300
2004-07-12,919.786,919.786,901.518,904.553,252834300
2004-07-13,902.27,909.93,898.076,906.966,211886700
2004-07-14,907.517,914.708,897.232,912.191,305008000
2004-07-15,912.924,926.25,909.654,925.678,455494300
2004-07-16,927.402,948.848,926.434,946.178,837148900
2004-07-19,946.339,954.162,938.688,947.424,425124800
2004-07-20,945.73,946.013,934.725,939.225,371586900
2004-07-21,937.452,943.11,932.283,940.508,232650800
2004-07-22,940.377,941.756,910.211,913.138,483267500
2004-07-23,910.208,915.945,901.757,915.043,439159100
2004-07-26,910.306,914.244,899.637,903.751,262617500
2004-07-27,902.902,909.436,896.237,903.321,295693800
2004-07-28,904.29,914.042,891.723,906.054,352455100
2004-07-29,905.672,918.858,905.538,918.792,406601200
2004-07-30,919.942,920.523,905.629,906.265,320130000
2004-08-02,901.812,905.902,897.613,900.018,199649300
2004-08-03,898.489,905.3,891.757,893.301,233314600
2004-08-04,893.06,938.235,888.793,923.019,767183500
2004-08-05,919.839,929.258,907.695,909.077,440387400
2004-08-06,908.33,920.024,904.555,911.555,338974100
2004-08-09,909.424,922.938,906.657,920.755,293667000
2004-08-10,921.7,927.932,918.077,926.537,253730200
2004-08-11,926.481,926.944,911.861,914.606,250601600
2004-08-12,909.684,909.684,899.659,907.827,266177400
2004-08-13,901.26,914.54,898.733,907.001,375542200
2004-08-16,905.518,912.12,901.448,904.008,257884400
2004-08-17,903.781,912.697,898.87,910.86,207908200
2004-08-18,910.932,922.169,910.408,911.846,259399700
2004-08-19,911.485,911.485,898.986,903.316,247848900
2004-08-20,900.846,909.52,896.704,904.827,252475300
2004-08-23,903.186,903.206,889.032,889.658,207358400
2004-08-24,887.906,900.306,883.257,897.767,242367900
2004-08-25,897.646,899.257,892.144,894.368,154501600
2004-08-26,893.454,895.653,886.427,892.098,153023000
2004-08-27,891.986,894.892,879.665,883.704,207971200
2004-08-30,880.645,884.706,876.552,882.046,163911300
2004-08-31,896.86,908.205,888.366,895.783,291015200
2004-09-01,894.623,894.623,879.395,880.542,202012400
2004-09-02,878.63,882.63,867.019,881.567,315928800
2004-09-03,882.081,884.155,875.375,879.417,159727100
2004-09-06,878.401,879.269,871.148,874.691,170044700
2004-09-07,874.1,878.861,869.872,877.773,159737900
2004-09-08,877.143,877.75,858.859,864.59,383409700
2004-09-09,862.363,862.537,847.073,848.455,296052000
2004-09-10,846.379,852.653,839.927,851.969,180097600
2004-09-13,850.225,850.225,833.093,834.104,186347600
2004-09-14,838.548,864.656,838.548,860.097,396294700
2004-09-15,862.572,905.625,859.893,892.769,852069200
2004-09-16,899.898,909.907,893.376,903.403,651172300
2004-09-17,905.569,932.817,901.654,932.315,987580600
2004-09-20,939.422,965.287,938.455,965.109,1313429000
2004-09-21,967.556,967.782,947.783,955.001,906859200
2004-09-22,951.843,957.472,929.849,933.101,902149900
2004-09-23,931.668,967.758,926.368,967.323,619782000
2004-09-24,975.12,991.735,950.337,951.091,1363541200
2004-09-27,964.018,971.354,940.372,946.137,638010400
2004-09-28,948.184,954.099,937.304,947.773,433617200
2004-09-29,948.51,950.993,934.951,936.462,388771700
2004-09-30,936.38,938.691,920.539,924.355,431736800
2004-10-08,922.799,936.239,904.981,936.008,473158300
2004-10-11,936.476,938.644,920.604,923.217,630268100
2004-10-12,920.779,921.422,900.191,902.718,510873200
2004-10-13,901.272,909.132,894.673,901.97,425109300
2004-10-14,902.47,903.478,874.701,876.818,497222700
2004-10-15,873.761,884.778,867.299,879.718,400242300
2004-10-18,880.267,887.643,869.036,882.663,255855200
2004-10-19,885.375,901.294,882.851,884.929,345612200
2004-10-20,884.542,884.542,867.598,879.385,334770700
2004-10-21,879.664,885.561,861.612,864.307,605573100
2004-10-22,864.381,881.187,858.604,878.74,522396300
2004-10-25,886.053,893.107,864.421,865.653,593140200
2004-10-26,864.428,875.956,851.452,875.855,581564900
2004-10-27,876.978,885.105,866.556,884.85,745079300
2004-10-28,885.412,892.777,879.472,882.912,592345300
2004-10-29,867.574,881.243,860.683,870.79,615677100
2004-11-01,869.171,875.432,862.42,862.827,389620900
2004-11-02,861.96,865.188,853.389,862.246,350545400
2004-11-03,864.358,879.056,862.05,877.53,421823600
2004-11-04,877.764,885.608,858.141,860.814,464180800
2004-11-05,864.711,870.064,857.456,862.261,302920400
2004-11-08,860.63,866.145,853.309,864.34,199828900
2004-11-09,864.887,871.218,860.275,864.565,178827500
2004-11-10,867.1,904.272,860.957,897.765,858803600
2004-11-11,900.345,914.36,893.299,894.112,850618300
2004-11-12,893.172,902.979,890.35,898.166,445751500
2004-11-15,900.663,909.548,899.625,906.985,397722800
2004-11-16,908.489,911.099,901.11,906.734,361766800
2004-11-17,906.303,906.88,892.926,896.105,281459600
2004-11-18,894.317,901.222,893.481,900.816,256991700
2004-11-19,902.476,907.573,898.242,906.991,337041600
2004-11-22,907.051,910.053,901.674,905.841,346837500
2004-11-23,905.79,905.79,892.649,893.285,324243500
2004-11-24,893.391,902.688,888.214,889.118,368819100
2004-11-25,889.429,893.891,883.686,890.777,349911100
2004-11-26,890.378,893.464,888.206,889.083,213038200
2004-11-29,887.762,889.286,877.981,879.258,231584900
2004-11-30,878.353,882.501,875.889,879.308,209415500
2004-12-01,880.072,881.773,874.655,875.397,190995700
2004-12-02,874.879,875.047,865.126,871.125,301087100
2004-12-03,870.57,878.27,869.571,871.558,233573600
2004-12-06,872.279,877.898,865.962,874.998,182853900
2004-12-07,875.436,878.186,867.735,868.292,216408700
2004-12-08,874.602,878.486,867.071,868.904,203774400
2004-12-09,869.007,890.5,861.821,878.716,568487800
2004-12-10,877.155,881.445,867.739,868.427,298853300
2004-12-13,864.351,867.741,859.003,865.762,227080100
2004-12-14,865.383,870.077,860.348,862.056,256008400
2004-12-15,862.262,872.115,854.853,867.604,394449100
2004-12-16,867.381,875.756,861.172,866.998,341447500
2004-12-17,865.515,866.041,855.632,857.251,236069200
2004-12-20,853.0,853.16,842.72,845.678,279111900
2004-12-21,847.352,855.08,842.651,845.382,264431000
2004-12-22,848.165,865.171,842.322,865.077,529828400
2004-12-23,865.317,865.317,850.032,850.7,235937600
2004-12-24,848.574,856.494,848.081,851.775,245772600
2004-12-27,851.782,859.089,846.015,848.194,316963500
2004-12-28,849.421,852.655,843.625,848.63,289351200
2004-12-29,847.876,854.331,842.274,843.781,360432900
2004-12-30,842.356,848.162,837.205,843.529,358231500
2004-12-31,846.116,850.85,841.701,842.728,297872000
2005-01-04,836.988,836.988,824.008,827.071,403169700
2005-01-05,825.707,836.428,822.966,831.428,302086300
2005-01-06,831.989,833.07,820.335,822.499,275357400
2005-01-07,822.669,832.95,819.44,823.616,306608600
2005-01-10,823.766,833.65,820.996,832.986,247941100
2005-01-11,833.209,839.686,831.383,837.861,245009800
2005-01-12,837.357,837.805,831.183,837.244,163275100
2005-01-13,836.17,838.192,833.099,834.221,209669400
2005-01-14,834.354,845.548,828.046,829.042,362708700
2005-01-17,821.189,825.541,810.002,811.554,325221700
2005-01-18,811.316,817.688,805.374,817.309,371926500
2005-01-19,816.644,817.165,809.493,810.989,329754700
2005-01-20,807.395,810.87,801.072,805.081,364939500
2005-01-21,803.091,835.236,798.354,831.847,740780600
2005-01-24,847.07,851.244,831.084,842.414,648612400
2005-01-25,839.715,842.192,832.092,841.64,411928100
2005-01-26,840.821,844.071,833.642,834.669,301807700
2005-01-27,831.832,833.752,820.933,821.705,302954000
2005-01-28,819.656,822.822,816.539,820.689,233991800
2005-01-31,817.93,819.347,810.722,813.753,258840800
2005-02-01,812.563,824.11,812.152,817.872,273230300
2005-02-02,819.245,860.879,819.245,860.504,777403300
2005-02-03,856.77,867.199,846.407,848.486,712029000
2005-02-04,847.617,877.391,845.446,872.884,733155500
2005-02-16,877.97,884.986,871.375,875.46,505684400
2005-02-17,876.636,876.636,861.447,870.085,363484800
2005-02-18,869.398,870.529,855.416,856.212,352132300
2005-02-21,856.954,874.096,856.954,874.021,432910000
2005-02-22,874.946,889.982,870.586,887.07,667449000
2005-02-23,886.668,886.668,872.561,877.914,745959300
2005-02-24,875.726,878.14,870.04,877.345,547588900
2005-02-25,878.216,888.791,877.098,878.503,654335800
2005-02-28,878.553,878.657,864.65,868.886,484748700
2005-03-01,868.367,871.421,863.492,866.258,317994800
2005-03-02,866.078,875.069,855.283,855.879,595192200
2005-03-03,854.789,863.1,851.434,861.688,333921400
2005-03-04,862.112,866.58,858.132,859.489,298302300
2005-03-07,859.659,865.529,859.517,863.704,279701300
2005-03-08,867.834,876.878,863.596,876.344,525746400
2005-03-09,878.358,880.494,867.065,869.403,697399300
2005-03-10,869.024,869.099,850.038,851.531,559164300
2005-03-11,850.907,857.271,847.811,853.898,466169500
2005-03-14,853.355,865.822,844.176,857.614,553753400
2005-03-15,857.337,857.625,839.446,840.955,466762400
2005-03-16,839.601,840.592,829.399,832.823,390439600
2005-03-17,833.711,835.686,826.157,826.683,348309600
2005-03-18,826.057,830.198,818.8,821.028,340296700
2005-03-21,820.421,825.855,818.27,823.129,271083200
2005-03-22,822.609,823.225,805.505,808.104,421296500
2005-03-23,806.404,812.283,798.005,801.981,403377700
2005-03-24,800.805,808.873,795.84,808.18,368011400
2005-03-25,807.654,810.452,802.61,806.425,274121100
2005-03-28,805.41,805.905,795.463,805.556,219963600
2005-03-29,805.477,812.33,802.13,802.739,279148800
2005-03-30,800.961,800.961,790.192,790.58,338953000
2005-03-31,788.006,795.792,783.982,795.667,329989200
2005-04-01,794.95,834.557,791.097,822.91,720138300
2005-04-04,814.585,818.799,805.846,808.591,458191000
2005-04-05,806.509,813.883,800.089,801.885,402217600
2005-04-06,800.891,820.859,796.365,816.879,541760000
2005-04-07,819.034,840.371,815.216,824.609,819426600
2005-04-08,824.321,838.508,818.902,838.056,485474000
2005-04-11,838.29,841.643,827.799,830.908,549510500
2005-04-12,828.413,830.278,817.889,818.467,321368800
2005-04-13,826.907,842.477,826.907,835.628,573497400
2005-04-14,840.241,841.171,825.38,826.005,463111100
2005-04-15,822.127,822.127,814.976,817.094,365698200
2005-04-18,814.551,815.472,803.234,806.389,361839500
2005-04-19,805.523,811.066,802.589,809.361,360909200
2005-04-20,808.621,808.621,793.902,798.517,291189400
2005-04-21,796.117,803.413,790.104,793.445,372009400
2005-04-22,792.201,800.164,791.636,794.819,372183300
2005-04-25,792.944,794.457,783.598,790.749,402640700
2005-04-26,789.887,797.697,784.932,792.303,381002500
2005-04-27,790.471,791.224,781.946,782.432,412660400
2005-04-28,779.699,797.743,773.383,793.878,535077500
2005-04-29,793.452,798.212,786.392,789.732,410954500
2005-05-09,790.825,795.092,775.321,775.321,303214000
2005-05-10,772.609,780.078,764.848,779.099,422389300
2005-05-11,778.275,782.214,770.085,771.586,310529900
2005-05-12,770.818,771.573,753.573,753.875,428574900
2005-05-13,752.323,768.403,749.838,757.304,481831000
2005-05-16,754.779,756.622,742.409,747.871,326200500
2005-05-17,745.846,757.878,741.83,750.711,315759600
2005-05-18,751.56,760.535,743.895,752.662,294306400
2005-05-19,752.981,757.737,742.781,754.785,347507500
2005-05-20,754.165,760.016,749.711,753.071,295633100
2005-05-23,749.827,749.827,736.469,737.741,260215000
2005-05-24,734.533,740.233,726.274,737.35,387022600
2005-05-25,737.121,744.515,731.725,737.538,250711500
2005-05-26,737.098,741.355,727.238,728.697,235486700
2005-05-27,726.94,736.159,723.321,724.522,333722700
2005-05-30,723.104,731.859,717.823,729.067,250843900
2005-05-31,729.887,737.944,728.448,730.997,292055900
2005-06-01,730.121,735.559,717.68,719.025,299951200
2005-06-02,716.797,718.507,697.015,701.373,425631000
2005-06-03,699.419,706.879,693.553,700.434,334160700
2005-06-06,699.266,717.283,693.528,717.213,356022100
2005-06-07,718.397,731.749,712.135,713.62,467138400
2005-06-08,729.805,775.001,720.397,772.134,1424482500
2005-06-09,774.301,790.391,762.372,778.577,1448081300
2005-06-10,777.98,777.98,761.977,766.663,1009550700
2005-06-13,762.001,765.596,747.419,759.917,675693900
2005-06-14,761.982,772.858,753.852,754.548,625742200
2005-06-15,752.296,754.463,743.55,745.216,472439400
2005-06-16,745.202,757.872,742.96,757.392,508383600
2005-06-17,761.093,765.334,756.189,762.178,639626100
2005-06-20,764.102,781.812,759.338,780.291,804594300
2005-06-21,779.887,779.887,769.307,770.295,461727100
2005-06-22,768.017,774.528,766.027,774.15,402290400
2005-06-23,773.584,776.209,767.746,768.331,317339800
2005-06-24,766.598,772.704,764.424,772.319,381535000
2005-06-27,776.596,786.482,776.596,782.382,607254700
2005-06-28,779.685,779.685,773.383,775.634,360953000
2005-06-29,782.567,782.879,771.423,772.02,525068000
2005-06-30,770.961,770.961,755.886,758.717,429535100
2005-07-01,756.24,756.24,746.743,748.046,328197700
2005-07-04,744.286,747.667,738.315,747.086,295202800
2005-07-05,743.722,745.983,736.237,741.205,380680400
2005-07-06,742.138,744.075,732.471,734.768,285762500
2005-07-07,733.871,739.208,731.648,735.554,244490700
2005-07-08,733.929,733.929,725.371,727.556,262778600
2005-07-11,734.719,744.93,725.58,726.905,329788800
2005-07-12,724.164,756.252,721.854,753.06,726452000
2005-07-13,751.889,754.098,745.844,748.55,396495200
2005-07-14,746.671,759.27,745.073,753.639,419549600
2005-07-15,752.865,757.788,744.927,748.519,333882800
2005-07-18,746.768,750.755,743.132,746.921,293764700
2005-07-19,745.291,752.144,743.536,747.485,315655100
2005-07-20,747.585,755.664,744.988,753.546,390002700
2005-07-21,753.448,757.38,750.74,756.981,357412000
2005-07-22,761.123,774.805,756.326,768.724,1002735200
2005-07-25,767.302,770.329,764.159,764.647,406598200
2005-07-26,764.598,785.239,764.598,780.753,998226000
2005-07-27,781.079,792.737,780.448,792.489,787326200
2005-07-28,792.546,797.395,787.864,789.853,708435000
2005-07-29,788.737,792.452,785.785,788.632,563501900
2005-08-01,788.217,796.523,786.878,789.996,422743100
2005-08-02,790.306,797.527,787.818,797.348,460645800
2005-08-03,798.392,805.123,797.049,797.744,774597000
2005-08-04,796.072,798.529,792.622,795.145,462092000
2005-08-05,798.202,812.655,797.884,812.329,685386400
2005-08-08,814.123,818.977,811.362,812.722,650889800
2005-08-09,811.904,815.124,806.511,814.611,550879700
2005-08-10,814.675,822.242,812.884,822.164,700321600
2005-08-11,822.571,832.892,821.714,832.238,954925700
2005-08-12,833.955,834.985,817.79,822.329,1008524400
2005-08-15,832.149,839.868,826.455,839.512,993365500
2005-08-16,840.066,842.841,824.45,828.229,827817100
2005-08-17,828.223,834.029,817.846,833.838,715173100
2005-08-18,841.703,843.322,812.014,814.291,1546582300
2005-08-19,813.113,820.779,809.222,817.685,831383300
2005-08-22,819.357,824.773,814.638,823.083,825990300
2005-08-23,823.195,823.448,811.138,818.053,646263100
2005-08-24,818.189,830.538,818.189,825.453,742881600
2005-08-25,825.547,828.738,816.436,823.576,689105500
2005-08-26,823.762,825.001,817.869,822.197,596951600
2005-08-29,821.791,822.49,808.49,811.312,578123900
2005-08-30,809.977,814.562,807.442,809.063,413086000
2005-08-31,809.555,817.51,806.577,816.755,392936600
2005-09-01,817.229,828.971,814.598,827.9,663805600
2005-09-02,829.244,831.664,825.678,829.463,553176800
2005-09-05,829.773,832.454,823.365,829.341,576209100
2005-09-06,829.55,830.052,815.152,815.753,613558700
2005-09-07,815.033,825.599,812.989,825.118,593964100
2005-09-08,826.648,830.672,822.118,827.116,712356500
2005-09-09,827.0,832.116,820.943,823.639,548476700
2005-09-12,824.441,826.055,818.965,821.978,389478100
2005-09-13,821.542,830.345,819.601,829.92,518563300
2005-09-14,831.193,834.265,828.165,834.013,673494000
2005-09-15,834.444,834.999,831.063,833.509,501905900
2005-09-16,833.56,834.972,828.635,830.621,426771700
2005-09-19,831.04,832.566,828.222,831.569,447420600
2005-09-20,832.218,833.1,824.093,827.266,580745400
2005-09-21,827.009,827.009,810.106,811.135,677982000
2005-09-22,808.892,809.352,789.936,796.939,637333900
2005-09-23,796.09,800.678,791.514,793.163,368138100
2005-09-26,793.307,796.475,790.442,793.73,326669400
2005-09-27,793.714,796.371,781.126,782.235,399539200
2005-09-28,781.727,787.857,780.765,782.998,309605900
2005-09-29,784.151,792.711,784.151,792.251,461185400
2005-09-30,792.788,794.936,789.688,793.652,278292600
2005-10-10,792.759,793.809,787.041,787.748,224197300
2005-10-11,787.274,796.379,785.742,796.071,220438100
2005-10-12,796.045,797.971,791.727,795.324,395783200
2005-10-13,795.053,797.594,787.824,788.361,362651500
2005-10-14,788.398,790.793,775.308,777.492,319598200
2005-10-17,776.262,777.245,765.707,769.321,391225300
2005-10-18,769.572,773.775,767.141,771.448,458133400
2005-10-19,771.037,777.751,767.653,769.682,379093400
2005-10-20,768.619,774.055,764.426,773.676,347059800
2005-10-21,773.522,777.857,770.806,774.058,414627500
2005-10-24,774.581,774.581,767.041,771.154,504026100
2005-10-25,771.019,771.374,763.786,765.029,425217800
2005-10-26,763.119,763.119,747.002,749.125,542256700
2005-10-27,747.505,753.734,744.08,751.261,538031200
2005-10-28,751.21,756.157,742.228,749.964,504593200
2005-10-31,749.192,761.79,747.727,759.239,486388900
2005-11-01,758.268,759.531,748.721,757.053,342356700
2005-11-02,757.927,768.098,757.927,762.938,461265600
2005-11-03,763.06,767.118,753.535,755.777,495662600
2005-11-04,755.543,760.343,753.547,758.924,333720800
2005-11-07,758.45,758.729,749.212,754.201,273829800
2005-11-08,753.323,759.667,749.392,758.322,353818200
2005-11-09,758.505,763.737,755.299,756.171,468470000
2005-11-10,756.21,756.562,745.048,746.352,390146300
2005-11-11,745.173,748.517,740.094,746.45,313211300
2005-11-14,746.057,746.993,740.978,743.345,190915600
2005-11-15,743.366,748.555,737.438,739.234,285656200
2005-11-16,739.069,744.169,733.032,744.138,310162200
2005-11-17,743.8,745.971,739.579,743.799,291839900
2005-11-18,743.926,765.042,743.303,760.566,670200900
2005-11-21,758.234,760.822,754.985,758.555,465111000
2005-11-22,758.42,758.42,747.259,747.307,491024600
2005-11-23,746.395,755.53,744.405,754.156,522361400
2005-11-24,753.435,765.618,752.713,761.662,783833800
2005-11-25,761.554,766.787,758.455,766.678,778202600
2005-11-28,765.27,770.842,760.213,762.905,527320400
2005-11-29,761.923,763.098,753.917,755.293,452758400
2005-11-30,754.487,759.962,751.9,759.633,413264200
2005-12-01,759.346,763.651,756.526,758.936,324492600
2005-12-02,758.69,762.603,753.38,757.021,382121800
2005-12-05,756.037,756.065,750.178,751.353,380336200
2005-12-06,750.156,762.003,748.013,760.202,500898100
2005-12-07,760.014,767.714,758.673,767.543,459375200
2005-12-08,767.782,772.741,762.462,765.555,411250800
2005-12-09,765.247,777.649,762.986,777.031,503754500
2005-12-12,776.193,777.464,772.611,774.709,346547500
2005-12-13,774.064,774.8,767.612,773.589,372990300
2005-12-14,773.038,780.694,768.634,778.494,505377900
2005-12-15,778.474,784.175,777.1,778.233,617065700
2005-12-16,777.93,782.856,776.014,782.04,421359800
2005-12-19,781.931,783.481,777.861,781.804,349617700
2005-12-20,781.496,787.234,779.901,787.234,392396800
2005-12-21,787.058,791.636,783.036,783.984,392017000
2005-12-22,783.155,788.454,781.937,787.388,308402700
2005-12-23,788.103,791.651,786.766,791.441,434414900
2005-12-26,791.388,798.339,790.985,795.559,582536700
2005-12-27,796.656,797.023,790.399,792.155,488013800
2005-12-28,792.094,793.65,787.871,793.54,525619200
2005-12-29,793.316,802.101,793.12,801.899,694629200
2005-12-30,804.057,804.61,793.77,796.396,720453100
2006-01-04,801.413,812.843,800.214,812.597,997307300
2006-01-05,815.47,829.087,813.247,827.836,1153632700
2006-01-06,828.878,842.692,824.53,836.895,1211249900
2006-01-09,837.76,841.132,832.33,838.292,903786600
2006-01-10,837.944,838.85,826.965,838.563,875412100
2006-01-11,837.971,842.062,829.321,832.276,912504600
2006-01-12,830.694,837.974,827.496,836.579,644727500
2006-01-13,838.376,840.678,828.338,831.136,674453700
2006-01-16,830.478,830.478,814.57,814.891,698572300
2006-01-17,813.88,819.952,813.122,818.355,535048100
2006-01-18,818.029,836.205,817.542,835.15,743448500
2006-01-19,835.932,842.74,830.581,840.591,891361200
2006-01-20,840.089,844.43,836.678,840.376,871186100
2006-01-23,840.962,843.093,835.674,840.128,710968700
2006-01-24,841.729,843.778,834.749,838.46,749015500
2006-01-25,838.195,847.161,837.47,846.989,684300100
2006-02-06,849.51,861.426,849.371,861.07,920965600
2006-02-07,861.666,863.964,848.494,856.669,1163391100
2006-02-08,856.937,863.445,854.171,862.575,1139878800
2006-02-09,862.049,862.049,848.781,850.802,861723400
2006-02-10,850.932,860.296,848.432,859.97,680595800
2006-02-13,862.487,863.209,852.592,859.598,625776300
2006-02-14,859.974,863.074,857.158,862.648,473859600
2006-02-15,865.223,872.414,864.769,868.021,949085600
2006-02-16,869.129,869.13,854.08,856.05,914574300
2006-02-17,855.701,864.623,853.147,857.994,688340000
2006-02-20,858.652,865.687,856.76,857.973,570599900
2006-02-21,857.65,872.739,854.364,872.565,933467400
2006-02-22,873.373,878.225,868.162,870.097,1002999600
2006-02-23,870.508,877.895,866.759,877.654,649082000
2006-02-24,878.106,883.02,877.4,882.777,647549800
2006-02-27,893.211,894.829,886.829,887.616,1098005500
2006-02-28,886.789,893.493,874.692,892.904,754223500
2006-03-01,893.49,897.103,891.213,895.626,728015100
2006-03-02,890.67,891.765,873.27,876.621,909894500
2006-03-03,876.433,880.834,869.84,880.371,841666900
2006-03-06,880.11,884.214,876.616,879.33,769250800
2006-03-07,879.289,879.326,860.451,861.865,737837200
2006-03-08,860.122,862.104,852.234,859.32,675409100
2006-03-09,856.308,859.941,852.086,853.381,451332000
2006-03-10,853.944,860.491,853.477,857.143,420112100
2006-03-13,857.208,864.946,856.743,863.677,404203400
2006-03-14,864.448,866.022,855.817,860.874,427555900
2006-03-15,860.704,868.582,859.807,868.324,501933300
2006-03-16,868.068,869.1,864.497,865.722,521240500
2006-03-17,865.245,866.943,859.3,863.267,515616100
2006-03-20,863.558,875.547,858.96,875.126,583775400
2006-03-21,875.016,881.282,872.892,875.232,619565000
2006-03-22,875.096,876.517,869.65,875.823,503065000
2006-03-23,875.338,875.924,869.075,875.108,652849200
2006-03-24,874.706,876.52,867.924,869.439,644229500
2006-03-27,869.537,872.557,864.392,872.557,592346100
2006-03-28,872.755,877.292,871.392,874.773,638420800
2006-03-29,879.918,891.019,878.748,885.291,1103253000
2006-03-30,885.15,889.37,877.413,877.781,728205400
2006-03-31,876.27,879.552,873.594,878.366,669675400
2006-04-03,879.544,891.598,879.544,891.556,780656800
2006-04-04,892.404,901.04,890.905,900.84,960805700
2006-04-05,901.675,908.068,900.666,906.301,956086600
2006-04-06,907.148,910.536,900.361,901.647,977617600
2006-04-07,901.485,903.174,891.389,897.312,900483600
2006-04-10,898.005,909.528,896.142,909.281,868073500
2006-04-11,909.915,916.267,906.149,912.391,1012604500
2006-04-12,912.68,914.102,907.813,908.948,786684600
2006-04-13,908.253,911.466,891.545,892.133,896707900
2006-04-14,889.757,910.818,889.757,910.633,1054715000
2006-04-17,915.535,924.955,908.705,921.21,1402948600
2006-04-18,924.927,931.959,916.762,927.478,1103404000
2006-04-19,932.469,937.045,922.806,930.833,1251428900
2006-04-20,931.444,934.447,916.937,922.05,1238121100
2006-04-21,921.865,942.234,919.458,939.873,1388164000
2006-04-24,949.675,955.869,933.853,940.902,1639260200
2006-04-25,938.243,938.364,924.454,931.323,1099197200
2006-04-26,930.683,950.294,928.915,948.207,1314202700
2006-04-27,949.493,953.394,939.052,943.343,925096400
2006-04-28,939.503,966.321,934.056,964.446,1480795100
2006-05-08,968.919,996.908,968.919,996.235,1614747900
2006-05-09,999.112,1019.643,995.26,1017.619,1843125300
2006-05-10,1021.32,1029.406,1008.489,1022.999,1572220100
2006-05-11,1022.245,1042.781,1012.559,1012.9,1764740400
2006-05-12,1015.394,1051.116,1012.267,1050.958,1802125300
2006-05-15,1059.773,1086.348,1049.938,1086.001,2383300300
2006-05-16,1096.241,1117.431,1068.723,1079.705,2563467800
2006-05-17,1079.364,1097.204,1058.795,1080.965,1746396900
2006-05-18,1069.442,1076.426,1046.89,1068.202,1546964000
2006-05-19,1072.164,1101.622,1068.374,1096.206,2781155200
2006-05-22,1096.449,1107.661,1089.423,1095.568,2367166200
2006-05-23,1088.075,1088.075,1055.163,1058.991,2121343800
2006-05-24,1062.889,1081.428,1035.455,1055.809,1678894300
2006-05-25,1056.545,1060.843,1034.222,1050.696,1144062000
2006-05-26,1053.583,1065.284,1049.285,1064.128,1272654400
2006-05-29,1069.881,1090.592,1063.226,1090.571,1419688400
2006-05-30,1098.457,1099.662,1083.469,1092.251,1273744900
2006-05-31,1091.389,1093.675,1070.9,1078.863,1315424800
2006-06-01,1076.787,1107.175,1073.489,1106.233,1657681000
2006-06-02,1110.191,1113.948,1090.794,1097.509,1886964800
2006-06-05,1097.531,1103.24,1072.853,1102.904,1834625300
2006-06-06,1101.538,1114.252,1093.733,1100.56,1533151700
2006-06-07,1102.151,1102.151,1045.173,1046.422,1908125100
2006-06-08,1039.231,1059.994,1026.317,1057.083,1577591900
2006-06-09,1053.367,1058.545,1030.568,1031.458,1175022800
2006-06-12,1024.272,1045.52,1017.844,1034.681,879463100
2006-06-13,1035.234,1045.441,1023.791,1032.618,801161200
2006-06-14,1027.189,1027.189,1011.895,1022.12,771839400
2006-06-15,1022.547,1033.816,1018.878,1021.992,558316500
2006-06-16,1025.415,1047.456,1025.415,1047.332,834429400
2006-06-19,1036.968,1061.483,1027.558,1056.636,908514300
2006-06-20,1055.665,1062.228,1049.01,1060.542,861645100
2006-06-21,1060.539,1067.865,1043.739,1056.501,1019657500
2006-06-22,1054.238,1066.233,1051.986,1057.231,797381700
2006-06-23,1056.231,1064.121,1048.303,1061.412,721334400
2006-06-26,1063.086,1084.351,1063.086,1083.046,968094900
2006-06-27,1084.826,1088.837,1075.171,1081.131,721544600
2006-06-28,1080.012,1083.773,1073.185,1080.608,683503700
2006-06-29,1082.51,1105.344,1082.51,1105.048,1322524100
2006-06-30,1110.566,1117.054,1096.349,1102.696,1188447500
2006-07-03,1108.026,1125.703,1104.727,1125.358,1415988100
2006-07-04,1128.079,1129.543,1106.745,1115.169,1371545200
2006-07-05,1114.561,1114.561,1082.715,1092.818,1099053200
2006-07-06,1091.438,1110.169,1090.233,1109.827,920777900
2006-07-07,1112.128,1114.637,1094.969,1099.06,962321300
2006-07-10,1098.769,1101.377,1089.357,1098.813,769187200
2006-07-11,1100.479,1102.776,1092.607,1101.82,750669900
2006-07-12,1102.797,1106.655,1096.616,1100.592,916466400
2006-07-13,1098.449,1099.21,1049.593,1051.979,1443339200
2006-07-14,1043.763,1067.332,1038.468,1059.255,926028400
2006-07-17,1057.245,1068.567,1051.026,1067.531,696672600
2006-07-18,1067.423,1067.423,1056.847,1064.746,627694900
2006-07-19,1063.162,1063.532,1036.422,1040.586,760051200
2006-07-20,1039.233,1048.17,1034.739,1046.987,547910600
2006-07-21,1047.447,1057.305,1047.236,1056.627,620398900
2006-07-24,1044.865,1059.718,1037.342,1058.071,620987600
2006-07-25,1059.668,1071.939,1059.668,1068.106,684568600
2006-07-26,1070.261,1073.635,1063.968,1069.444,601041400
2006-07-27,1068.418,1077.085,1055.066,1060.585,810924000
2006-07-28,1060.107,1062.483,1041.835,1050.639,645130100
2006-07-31,1049.695,1049.695,1019.463,1020.541,740608800
2006-08-01,1018.682,1025.661,1009.372,1011.146,574745400
2006-08-02,1011.165,1016.686,997.015,1007.596,647421900
2006-08-03,1009.502,1013.129,999.364,1008.183,482082200
2006-08-04,1009.364,1015.142,988.863,990.834,574700600
2006-08-07,984.261,992.223,974.844,978.085,557051100
2006-08-08,977.842,995.0,977.842,994.537,532703900
2006-08-09,996.449,999.923,990.211,993.658,444528700
2006-08-10,993.459,1011.924,993.34,1011.644,743868500
2006-08-11,1011.265,1015.405,1005.724,1011.639,524241300
2006-08-14,1011.974,1016.708,988.988,992.453,583606100
2006-08-15,990.542,1008.183,989.578,1007.798,509458800
2006-08-16,1008.473,1018.907,1004.281,1018.894,768540800
2006-08-17,1016.184,1016.184,1004.406,1009.311,514412700
2006-08-18,1010.719,1018.291,1006.037,1008.047,532581600
2006-08-21,986.454,1008.56,982.896,1008.31,486239800
2006-08-22,1008.164,1023.693,1008.008,1018.508,595672900
2006-08-23,1017.464,1028.086,1017.464,1021.873,693273400
2006-08-24,1021.929,1028.545,1014.17,1028.243,526704200
2006-08-25,1029.722,1033.822,1027.034,1028.287,597156900
2006-08-28,1030.98,1049.346,1030.818,1048.853,855266600
2006-08-29,1050.31,1060.61,1048.161,1049.64,1004711200
2006-08-30,1047.561,1051.734,1041.424,1048.776,577480700
2006-08-31,1049.118,1053.517,1044.462,1048.577,683195100
2006-09-01,1047.812,1049.693,1032.715,1033.739,792554900
2006-09-04,1032.636,1046.322,1032.532,1046.141,612497400
2006-09-05,1048.062,1056.807,1045.378,1052.166,907996500
2006-09-06,1052.913,1057.141,1047.323,1056.264,687736500
2006-09-07,1059.121,1059.147,1041.681,1045.154,815238600
2006-09-08,1045.148,1051.18,1042.471,1050.8,592079700
2006-09-11,1051.751,1058.002,1045.18,1057.853,762507400
2006-09-12,1058.313,1070.018,1056.96,1066.823,1265850000
2006-09-13,1068.417,1084.208,1067.785,1069.011,1664913500
2006-09-14,1071.134,1077.872,1060.169,1070.108,942533600
2006-09-15,1070.392,1094.816,1070.392,1094.149,2012093700
2006-09-18,1098.612,1102.674,1091.986,1096.466,1365472400
2006-09-19,1098.307,1108.723,1095.483,1101.956,959809700
2006-09-20,1100.27,1101.826,1090.446,1098.929,872558900
2006-09-21,1098.766,1109.92,1098.766,1106.873,1016696000
2006-09-22,1110.327,1116.256,1093.392,1094.179,1149407900
2006-09-25,1092.407,1099.449,1082.472,1091.717,963493200
2006-09-26,1090.847,1091.465,1072.322,1077.302,730508400
2006-09-27,1076.493,1089.476,1076.19,1088.749,583120900
2006-09-28,1089.621,1102.615,1085.762,1101.972,791643200
2006-09-29,1103.52,1117.574,1103.422,1115.718,991639900
2006-10-09,1134.402,1151.706,1131.352,1151.433,1842281000
2006-10-10,1152.148,1160.619,1144.992,1152.238,1593510700
2006-10-11,1151.948,1155.913,1139.861,1152.414,1291316700
2006-10-12,1153.03,1158.855,1144.229,1147.229,1430443200
2006-10-13,1145.828,1155.685,1142.374,1149.579,1138397600
2006-10-16,1150.83,1152.541,1133.108,1135.483,1014304600
2006-10-17,1132.235,1138.48,1122.217,1125.442,817217400
2006-10-18,1124.725,1147.151,1124.159,1146.926,836466500
2006-10-19,1148.714,1154.795,1144.347,1148.405,827863900
2006-10-20,1149.926,1161.298,1149.097,1152.313,912923200
2006-10-23,1151.39,1157.952,1130.21,1132.686,1068274400
2006-10-24,1132.126,1159.423,1132.126,1159.133,1035017400
2006-10-25,1161.276,1180.478,1157.343,1166.248,1368301100
2006-10-26,1166.176,1178.631,1157.295,1178.077,2154165100
2006-10-27,1178.077,1181.061,1160.34,1164.574,1921926300
2006-10-30,1163.184,1176.764,1160.242,1175.796,1530236800
2006-10-31,1177.983,1194.173,1177.983,1193.843,1647336400
2006-11-01,1194.636,1211.812,1191.878,1211.553,1724548900
2006-11-02,1213.178,1214.135,1197.262,1208.272,1905245800
2006-11-03,1211.446,1227.783,1209.255,1219.003,1867977500
2006-11-06,1210.056,1245.987,1205.582,1245.694,1886549600
2006-11-07,1252.017,1259.29,1235.454,1258.646,1809159500
2006-11-08,1253.474,1255.404,1240.31,1241.444,1251313600
2006-11-09,1234.562,1273.26,1232.784,1268.332,1642688000
2006-11-10,1267.142,1293.351,1251.902,1262.529,3101492300
2006-11-13,1259.1,1274.933,1237.264,1245.828,2153303200
2006-11-14,1246.449,1263.734,1227.624,1262.158,1888293500
2006-11-15,1263.349,1293.799,1255.331,1293.253,2086352700
2006-11-16,1298.629,1322.096,1296.408,1299.116,3491558600
2006-11-17,1292.509,1321.96,1286.715,1321.011,2281189600
2006-11-20,1327.123,1362.836,1327.123,1362.451,2849501600
2006-11-21,1359.357,1376.881,1338.966,1376.632,2358553900
2006-11-22,1372.681,1400.771,1362.236,1382.235,2867467300
2006-11-23,1382.915,1403.871,1380.687,1395.678,2654549800
2006-11-24,1387.991,1390.49,1369.78,1385.939,2393161100
2006-11-27,1378.476,1387.212,1366.256,1381.325,2118674800
2006-11-28,1378.653,1385.957,1354.098,1367.515,1935836700
2006-11-29,1343.019,1389.052,1333.14,1382.717,1894034900
2006-11-30,1386.693,1425.794,1386.693,1425.211,2426322000
2006-12-01,1427.754,1440.299,1420.604,1430.363,2142347200
2006-12-04,1431.039,1486.999,1431.039,1486.531,3249494800
2006-12-05,1490.847,1517.256,1488.726,1500.475,2779066700
2006-12-06,1500.562,1521.44,1445.753,1498.312,3585558800
2006-12-07,1496.741,1552.444,1495.662,1507.857,3837759100
2006-12-08,1486.711,1511.746,1451.844,1453.918,3245343400
2006-12-11,1447.255,1525.871,1447.255,1524.965,2607922500
2006-12-12,1533.973,1560.234,1517.38,1544.908,3137640200
2006-12-13,1548.22,1558.426,1523.07,1544.158,2446161000
2006-12-14,1547.602,1574.149,1544.913,1573.478,1984482500
2006-12-15,1578.796,1599.081,1566.007,1597.116,1876137400
2006-12-18,1602.593,1638.241,1602.593,1637.142,2690245400
2006-12-19,1645.41,1666.214,1613.983,1643.141,3147650600
2006-12-20,1632.663,1649.346,1611.197,1643.971,2211244300
2006-12-21,1643.909,1654.118,1618.614,1620.241,2420829500
2006-12-22,1610.828,1634.946,1602.402,1614.238,1918215000
2006-12-25,1619.569,1683.444,1619.569,1665.159,2855232500
2006-12-26,1666.073,1692.829,1650.796,1673.88,2966404400
2006-12-27,1678.019,1726.582,1676.474,1726.433,3040042700
2006-12-28,1730.797,1773.321,1723.535,1737.161,3375844600
2006-12-29,1751.405,1819.035,1751.405,1805.314,3968634500
2007-01-04,1842.633,1924.922,1821.476,1836.136,5477866300
2007-01-05,1814.702,1844.228,1791.638,1815.12,4584554400
2007-01-08,1813.619,1862.839,1804.409,1856.616,3705397400
2007-01-09,1858.093,1933.321,1852.469,1932.277,3564845900
2007-01-10,1945.296,1964.347,1915.809,1963.633,3481026700
2007-01-11,1964.652,1977.879,1922.323,1927.219,3126178600
2007-01-12,1911.508,1941.507,1861.553,1876.143,2907315300
2007-01-15,1872.078,1963.845,1872.078,1963.163,2650460700
2007-01-16,1989.222,2005.511,1950.024,1992.096,3105324300
2007-01-17,1997.807,2033.923,1927.12,1955.742,3281286700
2007-01-18,1942.988,1964.552,1884.388,1936.921,3085115100
2007-01-19,1937.038,1997.155,1937.038,1995.532,2911839900
2007-01-22,2020.0,2076.691,2020.0,2075.537,3629792700
2007-01-23,2095.221,2113.397,2025.827,2105.99,4266021400
2007-01-24,2111.708,2170.333,2106.141,2145.694,3585993700
2007-01-25,2124.167,2160.887,2088.931,2098.181,3272307400
2007-01-26,2066.515,2176.347,2026.114,2164.514,3247158200
2007-01-29,2181.872,2238.433,2175.845,2222.414,3752230100
2007-01-30,2232.204,2251.567,2176.999,2197.193,3465440400
2007-01-31,2186.416,2193.83,2034.355,2052.905,3648846000
2007-02-01,2021.442,2064.611,1981.558,2051.662,2700041200
2007-02-02,2052.953,2057.162,1945.098,1954.966,2541257700
2007-02-05,1943.056,1956.788,1899.682,1906.03,2024525000
2007-02-06,1901.576,1955.708,1824.599,1954.155,3306200500
2007-02-07,1964.255,2029.992,1964.255,2001.373,3196791700
2007-02-08,2006.752,2031.536,1980.317,2023.178,2253814400
2007-02-09,2024.902,2027.854,1987.008,2003.324,2140754600
2007-02-12,2004.216,2083.111,2001.342,2082.402,2180922000
2007-02-13,2091.303,2114.513,2081.33,2108.626,1972803200
2007-02-14,2112.677,2181.84,2105.592,2174.002,2446306400
2007-02-15,2192.896,2236.825,2192.896,2235.447,2713651800
2007-02-16,2255.576,2266.426,2217.794,2232.978,2896536000
2007-02-26,2225.869,2248.38,2197.368,2242.764,3142746800
2007-02-27,2251.204,2253.474,2027.749,2030.357,4061446500
2007-02-28,1996.564,2104.576,1996.564,2096.226,3108744000
2007-03-01,2097.103,2097.103,2009.53,2039.678,2830149400
2007-03-02,2033.899,2082.049,2022.855,2069.074,2146501000
2007-03-05,2062.032,2088.469,1978.57,2019.727,2559609400
2007-03-06,2015.689,2100.998,2004.382,2076.871,2166508400
2007-03-07,2086.624,2143.592,2084.029,2129.48,2323343300
2007-03-08,2134.759,2150.948,2105.661,2150.153,1828594900
2007-03-09,2154.508,2171.84,2125.559,2144.218,2861351000
2007-03-12,2146.979,2148.292,2105.845,2140.528,2293043900
2007-03-13,2145.178,2152.001,2125.963,2149.972,2213055600
2007-03-14,2119.868,2123.012,2074.501,2100.56,2314319200
2007-03-15,2098.638,2138.919,2098.638,2138.05,2105707000
2007-03-16,2145.919,2154.734,2085.363,2107.627,2780355200
2007-03-19,2060.765,2195.276,2054.926,2176.152,3414070300
2007-03-20,2184.313,2187.234,2152.963,2175.131,2217974000
2007-03-21,2182.451,2204.07,2170.931,2192.931,2139605100
2007-03-22,2212.155,2228.316,2199.779,2208.47,3188893600
2007-03-23,2206.543,2220.367,2151.879,2200.042,2809587200
2007-03-26,2204.769,2230.833,2188.916,2230.004,2862444100
2007-03-27,2234.626,2244.21,2216.799,2237.22,3013627900
2007-03-28,2240.239,2280.572,2184.4,2277.965,5185636800
2007-03-29,2285.021,2351.348,2281.247,2301.483,5807905200
2007-03-30,2287.71,2313.483,2274.715,2288.263,2842434200
2007-04-02,2299.493,2343.199,2299.493,2342.525,3041266000
2007-04-03,2352.384,2367.709,2337.77,2362.982,3084551400
2007-04-04,2367.924,2386.149,2350.857,2372.657,2967453300
2007-04-05,2367.424,2398.472,2352.922,2392.64,2883958600
2007-04-06,2369.892,2399.829,2361.365,2390.642,2940040200
2007-04-09,2398.856,2443.1,2398.856,2442.926,3472781600
2007-04-10,2459.411,2479.2,2419.84,2473.758,4250166500
2007-04-11,2486.974,2514.023,2464.212,2508.472,4193280800
2007-04-12,2513.846,2540.543,2502.185,2535.098,3372634900
2007-04-13,2538.403,2551.061,2507.584,2517.789,3749205200
2007-04-16,2519.657,2586.801,2519.328,2585.343,3318663700
2007-04-17,2595.051,2603.704,2504.101,2577.015,3557334600
2007-04-18,2578.848,2578.848,2530.406,2558.519,3765766600
2007-04-19,2555.077,2558.794,2380.32,2452.547,4505819300
2007-04-20,2465.741,2553.528,2465.741,2547.501,3542902400
2007-04-23,2573.995,2651.613,2570.481,2651.43,4697210000
2007-04-24,2673.984,2693.583,2640.273,2659.213,4320599800
2007-04-25,2649.674,2695.394,2608.735,2679.083,4369322000
2007-04-26,2696.396,2711.412,2664.759,2702.128,3073928500
2007-04-27,2706.357,2717.97,2654.95,2681.3,3078010100
2007-04-30,2715.886,2768.945,2694.239,2757.827,3490677800
2007-05-08,2827.122,2849.591,2795.739,2831.262,4086686800
2007-05-09,2833.335,2867.095,2760.216,2860.312,6565645400
2007-05-10,2864.096,2903.708,2844.489,2885.717,5174439100
2007-05-11,2868.633,2880.86,2809.695,2867.972,3681642100
2007-05-14,2823.464,2919.44,2803.525,2885.505,3957592700
2007-05-15,2888.914,2895.321,2768.928,2770.655,3885852600
2007-05-16,2764.261,2829.528,2731.82,2828.525,3114804500
2007-05-17,2837.722,2888.446,2825.208,2872.787,3184911200
2007-05-18,2862.939,2875.621,2835.981,2854.318,2840064600
2007-05-21,2763.768,2875.017,2757.567,2864.699,3916267000
2007-05-22,2873.308,2903.846,2869.008,2882.665,3847755100
2007-05-23,2887.64,2920.756,2862.494,2919.943,3520536500
2007-05-24,2927.485,2949.882,2866.943,2906.815,4221140600
2007-05-25,2894.703,2958.739,2881.495,2942.513,3420873800
2007-05-28,2976.756,3012.596,2968.905,2998.859,4500592400
2007-05-29,3009.441,3051.065,3002.907,3050.437,4412634300
2007-05-30,2875.79,3000.944,2828.856,2857.002,5723127000
2007-05-31,2838.097,2986.533,2748.056,2940.374,5506695500
2007-06-01,2963.468,3055.873,2885.52,2906.588,5165333800
2007-06-04,2923.411,2935.876,2685.726,2695.765,4032913700
2007-06-05,2638.421,2780.751,2493.312,2778.658,4290889100
2007-06-06,2788.971,2814.062,2713.08,2781.319,3209306400
2007-06-07,2797.231,2857.308,2786.773,2856.539,3326100200
2007-06-08,2861.813,2875.504,2812.94,2856.019,3091761000
2007-06-11,2875.106,2924.18,2856.993,2918.305,3367124900
2007-06-12,2930.428,2984.07,2859.601,2982.901,3470267500
2007-06-13,3007.651,3058.494,3000.915,3045.944,4201703000
2007-06-14,3036.346,3050.992,2982.806,3010.165,2906894900
2007-06-15,2984.268,3046.714,2973.962,3035.778,2533518300
2007-06-18,3090.167,3154.26,3087.803,3133.531,3649133500
2007-06-19,3123.886,3155.969,3100.833,3132.305,2932373200
2007-06-20,3133.307,3150.487,3050.427,3059.16,2811011900
2007-06-21,3048.374,3118.666,3043.298,3109.915,2618742300
2007-06-22,3114.819,3146.0,2982.231,3037.509,2871792400
2007-06-25,3054.281,3082.819,2927.785,2942.286,2683444600
2007-06-26,2892.034,2968.395,2860.716,2966.244,2006419100
2007-06-27,2977.194,3068.32,2956.808,3057.337,2417765000
2007-06-28,3063.236,3099.159,2968.991,2969.494,2898391400
2007-06-29,2904.355,2986.007,2889.638,2915.882,2246198300
2007-07-02,2906.138,2943.73,2828.359,2910.886,2178353600
2007-07-03,2922.099,2960.636,2903.298,2955.207,2035909400
2007-07-04,2961.384,2965.606,2864.996,2877.802,1525262200
2007-07-05,2843.688,2860.095,2743.422,2745.974,1727297800
2007-07-06,2733.688,2862.121,2700.756,2860.735,1917821500
2007-07-09,2883.538,2953.133,2858.922,2939.097,2153458200
2007-07-10,2957.064,2997.782,2927.727,2936.938,2235912000
2007-07-11,2920.737,2944.946,2897.315,2937.598,1320913100
2007-07-12,2945.137,2985.04,2932.425,2969.573,1344996400
2007-07-13,2976.536,2981.48,2939.784,2970.342,1182545200
2007-07-16,2974.922,2980.919,2877.541,2878.356,1134729200
2007-07-17,2872.812,2969.198,2847.404,2956.496,1400848400
2007-07-18,2944.071,3017.908,2932.116,2978.901,2346096400
2007-07-19,2971.355,2998.419,2953.835,2972.502,1343458000
2007-07-20,2972.682,3104.77,2972.682,3102.789,2571013100
2007-07-23,3133.28,3227.485,3133.28,3225.639,4096778400
2007-07-24,3242.2,3280.746,3210.003,3226.958,3204882400
2007-07-25,3229.288,3305.908,3229.242,3304.747,2808352400
2007-07-26,3323.374,3336.944,3286.494,3315.022,2594594600
2007-07-27,3285.682,3306.151,3249.354,3293.38,2620695100
2007-07-30,3294.682,3372.608,3290.846,3359.707,3202249900
2007-07-31,3347.621,3394.881,3314.762,3391.858,2721596000
2007-08-01,3408.526,3430.051,3267.683,3281.34,3207020500
2007-08-02,3298.628,3388.51,3279.474,3362.457,2534411100
2007-08-03,3390.013,3521.968,3390.013,3520.144,3688346900
2007-08-06,3552.003,3608.399,3539.074,3595.033,3145248200
2007-08-07,3606.592,3641.228,3562.477,3612.701,3472443500
2007-08-08,3578.239,3654.443,3533.768,3596.282,4886678500
2007-08-09,3598.209,3723.483,3596.184,3704.584,3737807900
2007-08-10,3700.924,3739.019,3634.992,3707.916,3555920700
2007-08-13,3717.529,3796.169,3690.624,3740.566,4831719200
2007-08-14,3740.013,3793.678,3715.257,3787.108,2919028400
2007-08-15,3782.623,3823.939,3712.865,3799.237,2907169400
2007-08-16,3775.363,3782.848,3660.607,3698.951,3028920200
2007-08-17,3674.419,3758.543,3597.593,3606.528,3054369900
2007-08-20,3718.195,3831.496,3709.517,3831.053,3027339600
2007-08-21,3851.379,3924.82,3849.423,3903.66,3219154200
2007-08-22,3839.102,3972.029,3830.499,3949.827,2721319600
2007-08-23,3962.636,4033.738,3925.238,4013.344,2452008700
2007-08-24,4037.176,4120.752,4032.254,4104.658,3017021800
2007-08-27,4128.737,4188.184,4091.612,4134.695,3535116300
2007-08-28,4119.237,4164.82,4058.001,4147.86,3140032100
2007-08-29,4113.903,4158.737,4059.012,4080.079,2773125700
2007-08-30,4104.508,4147.957,4086.617,4111.29,2250100400
2007-08-31,4118.815,4158.988,4070.868,4150.167,2520673400
2007-09-03,4176.864,4252.754,4176.864,4240.643,3223100100
2007-09-04,4226.935,4245.944,4144.537,4166.852,3423242800
2007-09-05,4162.573,4191.832,4074.293,4147.747,2662023800
2007-09-06,4166.909,4243.076,4155.393,4204.797,3134597600
2007-09-07,4186.438,4205.609,4099.739,4111.931,3335144900
2007-09-10,4052.549,4182.19,4020.707,4172.815,2691910200
2007-09-11,4182.716,4199.27,3968.23,3992.034,2802900000
2007-09-12,3977.025,4056.167,3939.35,4035.72,2470675900
2007-09-13,4056.185,4145.113,4042.957,4143.115,2446124500
2007-09-14,4148.081,4177.871,4079.179,4165.566,2465400700
2007-09-17,4170.95,4244.977,4170.328,4237.923,2996872900
2007-09-18,4261.446,4269.586,4145.843,4204.701,3132096400
2007-09-19,4212.186,4226.365,4121.722,4161.587,2204515200
2007-09-20,4171.672,4237.524,4169.907,4222.419,2252669600
2007-09-21,4227.329,4232.095,4118.326,4197.038,2514090300
2007-09-24,4201.416,4245.968,4134.27,4231.75,2180129800
2007-09-25,4246.898,4265.373,4169.819,4193.062,1746934000
2007-09-26,4177.27,4245.901,4128.262,4140.323,1504492200
2007-09-27,4142.066,4190.401,4130.028,4189.122,1323180200
2007-09-28,4229.598,4315.348,4229.598,4307.417,2102096600
2007-10-08,4407.5,4444.687,4347.758,4401.282,3571810300
2007-10-09,4393.472,4438.561,4351.9,4425.702,2498134300
2007-10-10,4444.667,4524.451,4413.635,4445.956,3228530800
2007-10-11,4458.194,4579.652,4439.239,4577.884,3424885700
2007-10-12,4601.985,4633.814,4391.139,4578.686,3840348100
2007-10-15,4606.484,4695.832,4572.428,4694.314,3666592300
2007-10-16,4726.083,4772.933,4688.263,4731.826,3716952300
2007-10-17,4713.752,4744.776,4647.886,4684.106,2361483600
2007-10-18,4676.519,4684.863,4481.013,4508.662,2382814700
2007-10-19,4545.633,4594.699,4454.149,4494.561,1765595600
2007-10-22,4441.531,4479.048,4374.121,4390.267,1565027200
2007-10-23,4388.24,4478.728,4342.034,4475.44,2103807900
2007-10-24,4496.506,4598.889,4486.681,4550.561,2321978700
2007-10-25,4511.514,4534.395,4352.942,4364.123,2351174600
2007-10-26,4321.681,4460.651,4313.801,4429.979,1545927900
2007-10-29,4453.327,4534.71,4451.912,4527.122,1784973600
2007-10-30,4538.111,4593.344,4476.284,4592.329,2020715500
2007-10-31,4652.959,4667.321,4564.662,4627.776,2441255700
2007-11-01,4648.692,4668.731,4602.513,4607.219,2519092600
2007-11-02,4536.216,4599.392,4500.492,4543.163,2352419000
2007-11-05,4517.225,4547.887,4389.495,4410.966,1809002100
2007-11-06,4371.912,4428.317,4324.234,4344.886,1383281500
2007-11-07,4367.625,4400.624,4276.761,4383.631,1443145100
2007-11-08,4353.186,4353.186,4150.967,4154.969,1727965700
2007-11-09,4110.222,4198.249,4058.88,4139.572,1781530400
2007-11-12,4025.828,4143.325,3951.329,4107.336,1993439500
2007-11-13,4145.531,4206.455,4006.056,4071.299,1849353300
2007-11-14,4142.518,4249.403,4063.507,4247.162,1703951100
2007-11-15,4227.753,4269.759,4190.734,4201.794,1339913500
2007-11-16,4124.422,4163.957,4066.541,4133.351,902817200
2007-11-19,4141.198,4155.691,4066.75,4086.383,1136110000
2007-11-20,4059.188,4167.594,4006.468,4136.078,1477529900
2007-11-21,4150.844,4186.289,4061.828,4064.782,1072612200
2007-11-22,3988.144,4039.704,3881.445,3895.945,1236723800
2007-11-23,3865.406,3962.7,3844.179,3961.369,967519400
2007-11-26,4020.645,4038.478,3904.745,3910.457,1056820500
2007-11-27,3874.768,3917.555,3827.415,3829.728,913360300
2007-11-28,3839.511,3873.785,3757.957,3784.279,1119734800
2007-11-29,3840.389,3977.893,3796.248,3975.709,1950546400
2007-11-30,3968.674,3968.674,3867.115,3880.339,1342576900
2007-12-03,3859.854,3943.497,3838.487,3910.129,1037702200
2007-12-04,3921.912,4018.647,3921.912,3963.187,1079597800
2007-12-05,3963.558,4074.957,3954.691,4070.822,1402227200
2007-12-06,4085.037,4094.251,4037.283,4070.157,967934900
2007-12-07,4076.444,4128.779,4075.447,4122.062,995454600
2007-12-10,4052.375,4172.174,4040.564,4165.864,1739546900
2007-12-11,4197.703,4216.53,4097.266,4159.432,1563978000
2007-12-12,4130.769,4132.107,4049.102,4083.594,1536174600
2007-12-13,4061.424,4075.666,3944.81,3948.737,1357213200
2007-12-14,3901.574,4010.496,3881.5,4008.878,1163861600
2007-12-17,4002.988,4003.263,3871.471,3876.139,1410797200
2007-12-18,3849.201,3895.359,3826.917,3849.147,872858100
2007-12-19,3893.219,3967.667,3879.711,3953.055,1349755700
2007-12-20,3971.752,4050.766,3942.631,4040.036,1220520800
2007-12-21,4022.447,4096.242,4019.685,4081.005,1444194600
2007-12-24,4112.524,4201.851,4096.67,4172.444,2131343500
2007-12-25,4179.84,4200.82,4144.137,4162.079,1557849700
2007-12-26,4174.771,4207.164,4121.611,4175.555,1754757600
2007-12-27,4191.33,4258.68,4160.914,4258.549,2256958700
2007-12-28,4269.058,4280.733,4214.692,4226.756,2067354500
2008-01-02,4230.806,4242.187,4164.762,4219.686,1868393800
2008-01-03,4213.02,4232.177,4123.119,4230.418,3073221000
2008-01-04,4231.351,4296.024,4221.646,4282.686,2334987700
2008-01-07,4279.916,4341.466,4255.499,4330.275,2444067400
2008-01-08,4349.485,4437.566,4322.131,4358.095,3084204900
2008-01-09,4341.53,4407.392,4324.908,4405.921,2032829000
2008-01-10,4420.324,4456.105,4384.453,4431.461,2966217700
2008-01-11,4445.232,4482.572,4417.05,4481.487,2969149900
2008-01-14,4503.675,4524.289,4471.741,4499.139,2149576600
2008-01-15,4511.159,4515.817,4421.671,4440.819,2202885000
2008-01-16,4395.373,4395.373,4267.01,4274.021,2435289200
2008-01-17,4219.698,4289.934,4072.684,4178.709,2779166900
2008-01-18,4170.014,4213.714,4128.215,4195.954,1864757300
2008-01-21,4203.505,4212.012,3960.427,3975.71,2036600300
2008-01-22,3880.405,3891.258,3636.474,3679.014,2904073800
2008-01-23,3712.848,3824.521,3669.382,3822.816,2576513400
2008-01-24,3876.363,3884.062,3750.152,3818.332,2590014500
2008-01-25,3814.984,3913.739,3751.957,3875.578,2034303800
2008-01-28,3830.968,3830.968,3589.795,3597.264,1902916700
2008-01-29,3609.114,3685.488,3554.524,3611.978,1319914300
2008-01-30,3653.73,3674.366,3459.872,3541.082,1676330700
2008-01-31,3528.867,3570.997,3485.263,3497.922,1551239000
2008-02-01,3502.225,3549.328,3376.612,3500.053,1710480200
2008-02-04,3598.503,3798.055,3598.503,3796.13,2253954800
2008-02-05,3783.803,3817.614,3730.266,3766.163,1692813100
2008-02-13,3697.534,3712.672,3649.235,3660.157,1104376600
2008-02-14,3699.298,3737.765,3683.434,3706.966,940991300
2008-02-15,3673.896,3675.438,3593.167,3646.176,1252716600
2008-02-18,3694.666,3739.088,3661.42,3709.071,1409529100
2008-02-19,3722.936,3787.219,3687.691,3787.029,1696457000
2008-02-20,3792.295,3805.392,3670.852,3676.474,1895883400
2008-02-21,3653.811,3663.156,3576.04,3620.846,1570408300
2008-02-22,3597.706,3597.706,3434.759,3466.204,1881721000
2008-02-25,3460.864,3472.087,3324.168,3331.99,1729425300
2008-02-26,3430.371,3445.827,3275.843,3363.701,1691621200
2008-02-27,3384.554,3484.741,3348.817,3459.782,1446741700
2008-02-28,3467.035,3473.642,3409.948,3435.455,940475100
2008-02-29,3431.395,3490.931,3418.931,3470.602,881285800
2008-03-03,3449.749,3556.825,3410.411,3539.431,1422524800
2008-03-04,3559.05,3566.156,3416.4,3424.791,1809844000
2008-03-05,3415.732,3446.035,3317.345,3380.654,1471113000
2008-03-06,3398.418,3504.826,3349.17,3445.748,1638682800
2008-03-07,3399.513,3444.282,3370.468,3395.606,1011471400
2008-03-10,3366.965,3366.965,3238.7,3256.444,1444928400
2008-03-11,3233.445,3267.131,3187.826,3264.566,1052521500
2008-03-12,3343.406,3355.982,3162.674,3164.785,1153343600
2008-03-13,3133.622,3163.646,3047.904,3111.837,1652478600
2008-03-14,3098.263,3119.386,3028.328,3084.449,1143482800
2008-03-17,3065.425,3075.739,2978.653,2984.056,1230750500
2008-03-18,2961.062,3021.418,2821.112,2869.614,1587410400
2008-03-19,2925.255,2992.712,2876.958,2945.229,1592411900
2008-03-20,2904.839,3050.087,2765.248,3011.785,1903398200
2008-03-21,3010.256,3058.696,2975.702,3021.58,1690973800
2008-03-24,3056.434,3063.89,2867.905,2869.284,1469501700
2008-03-25,2810.504,2912.133,2781.821,2884.623,1431260600
2008-03-26,2904.342,2965.261,2877.13,2896.689,1225743600
2008-03-27,2837.094,2861.225,2757.387,2760.451,1498029900
2008-03-28,2736.587,2922.075,2714.384,2910.511,2192467000
2008-03-31,2815.312,2891.169,2804.434,2823.975,1391319300
2008-04-01,2812.51,2847.564,2683.501,2713.487,1647296700
2008-04-02,2757.526,2842.651,2698.26,2744.651,2387805800
2008-04-03,2719.9,2833.803,2679.292,2828.626,1575897600
2008-04-07,2803.881,2962.145,2778.405,2954.229,1904703700
2008-04-08,2956.508,3011.42,2927.366,2969.609,1973032800
2008-04-09,2938.486,2966.889,2802.348,2803.154,1620779800
2008-04-10,2780.602,2846.243,2751.582,2840.552,1101752300
2008-04-11,2882.379,2900.543,2843.053,2865.45,1042641300
2008-04-14,2805.212,2815.333,2675.904,2685.013,1465172300
2008-04-15,2672.37,2716.943,2591.681,2715.74,1223220700
2008-04-16,2711.249,2717.868,2644.442,2654.902,1092029000
2008-04-17,2650.122,2705.513,2554.261,2588.758,1200125300
2008-04-18,2565.789,2593.561,2482.919,2511.362,1231086700
2008-04-21,2707.597,2707.597,2506.235,2545.522,1769324000
2008-04-22,2501.545,2596.857,2451.605,2595.693,1373481400
2008-04-23,2561.952,2730.929,2546.147,2718.253,2333375800
2008-04-24,2948.969,2987.516,2880.267,2981.186,5162255300
2008-04-25,2983.367,3075.825,2948.17,2984.963,4076420400
2008-04-28,2936.426,2975.342,2911.042,2918.611,2280094800
2008-04-29,2896.496,2973.097,2894.648,2960.893,1945503400
2008-04-30,2981.779,3135.716,2978.271,3125.533,3586998300
2008-05-05,3169.005,3179.536,3112.016,3169.079,2603344100
2008-05-06,3136.373,3184.107,3089.009,3128.807,2437399300
2008-05-07,3108.092,3158.454,2979.507,2979.817,2300556600
2008-05-08,2940.343,3038.772,2929.243,3037.504,1851284800
2008-05-09,3065.593,3071.79,2932.142,2978.189,2188724400
2008-05-12,2915.262,3033.54,2884.575,2991.32,1632662700
2008-05-13,2898.012,2985.458,2891.731,2924.958,1829981500
2008-05-14,2917.848,3027.801,2917.848,3027.382,1851886700
2008-05-15,3050.154,3075.217,3004.779,3005.653,1703976700
2008-05-16,3008.205,3036.001,2977.704,3009.207,1362406800
2008-05-19,2999.409,3001.229,2945.387,2978.656,997449000
2008-05-20,2976.032,3008.033,2829.189,2835.825,1449877400
2008-05-21,2809.945,2909.16,2752.154,2892.086,1621422700
2008-05-22,2848.523,2891.901,2829.277,2841.154,1466180700
2008-05-23,2831.785,2871.788,2805.692,2838.055,1369517900
2008-05-26,2812.514,2812.514,2742.322,2745.086,988080800
2008-05-27,2739.735,2770.169,2726.86,2754.122,875820800
2008-05-28,2760.648,2855.68,2741.546,2836.263,1150755200
2008-05-29,2825.862,2837.888,2764.795,2765.949,1114416800
2008-05-30,2774.079,2813.925,2756.145,2800.791,1078725300
2008-06-02,2792.242,2832.974,2774.601,2814.297,1081410200
2008-06-03,2809.444,2834.495,2783.953,2804.067,1775674300
2008-06-04,2789.765,2794.489,2715.577,2736.826,1279937000
2008-06-05,2722.245,2742.887,2693.266,2722.407,962380300
2008-06-06,2730.771,2740.252,2687.224,2701.789,865850500
2008-06-10,2586.722,2597.477,2464.44,2480.763,1603772100
2008-06-11,2451.384,2476.464,2412.436,2446.776,1235312100
2008-06-12,2432.64,2446.819,2344.493,2387.758,1331083700
2008-06-13,2389.135,2410.537,2319.905,2322.792,990309900
2008-06-16,2329.583,2365.815,2279.887,2323.689,1120088000
2008-06-17,2325.26,2343.764,2244.638,2262.282,1071692100
2008-06-18,2244.102,2383.272,2200.965,2368.71,1779316700
2008-06-19,2348.979,2348.979,2197.01,2201.34,1392763700
2008-06-20,2227.364,2343.347,2152.312,2273.707,2358985000
2008-06-23,2227.163,2260.003,2203.812,2220.083,1008457400
2008-06-24,2207.514,2268.123,2197.807,2256.116,1291981100
2008-06-25,2250.002,2339.314,2241.101,2334.403,1651839100
2008-06-26,2332.454,2357.445,2287.551,2326.9,1451333400
2008-06-27,2255.162,2259.97,2188.196,2206.317,1470670600
2008-06-30,2176.895,2212.966,2146.446,2175.611,913297300
2008-07-01,2181.712,2186.89,2075.01,2081.054,1173595400
2008-07-02,2082.589,2109.453,2040.669,2062.927,1100397900
2008-07-03,2025.33,2130.331,1992.347,2088.969,1699488800
2008-07-04,2087.251,2106.995,2057.605,2077.234,1242305100
2008-07-07,2082.748,2200.008,2081.84,2190.304,2084121500
2008-07-08,2204.491,2235.876,2151.847,2193.207,2019749100
2008-07-09,2219.433,2295.21,2219.433,2289.675,2764671900
2008-07-10,2253.424,2319.015,2239.912,2259.26,2192557000
2008-07-11,2252.517,2267.93,2216.231,2245.464,1541165500
2008-07-14,2223.885,2280.948,2216.141,2259.162,1153215800
2008-07-15,2266.97,2274.022,2156.391,2157.91,1662145500
2008-07-16,2133.963,2139.636,2056.188,2088.777,1402699400
2008-07-17,2127.99,2142.79,2065.479,2073.327,1147952900
2008-07-18,2100.466,2160.105,2065.317,2158.7,1805650600
2008-07-21,2132.443,2229.747,2127.075,2228.446,1836421500
2008-07-22,2219.74,2236.064,2205.344,2217.827,1297660000
2008-07-23,2237.394,2256.525,2208.864,2213.147,1341277400
2008-07-24,2235.582,2300.508,2233.636,2299.571,1965624100
2008-07-25,2263.976,2286.003,2246.864,2265.683,1424299500
2008-07-28,2282.061,2318.081,2269.637,2278.229,1515228300
2008-07-29,2244.849,2245.02,2213.415,2232.787,1268578000
2008-07-30,2265.435,2272.401,2207.042,2219.242,1019869500
2008-07-31,2227.236,2231.487,2162.27,2164.08,949027700
2008-08-01,2151.874,2232.115,2127.357,2205.685,1244647100
2008-08-04,2185.163,2201.284,2151.195,2155.891,828952700
2008-08-05,2169.14,2175.343,2114.6,2120.509,1022497200
2008-08-06,2141.104,2167.99,2117.407,2150.003,1035405100
2008-08-07,2145.113,2170.81,2113.778,2143.803,900731100
2008-08-08,2140.152,2143.619,2044.81,2056.916,1158823500
2008-08-11,2049.457,2069.792,1962.234,1975.516,1287396900
2008-08-12,1959.564,1990.126,1943.537,1961.231,908330900
2008-08-13,1947.987,1967.159,1900.562,1949.357,1024568100
2008-08-14,1937.339,1956.69,1916.234,1941.237,684271000
2008-08-15,1941.376,1980.131,1924.807,1957.473,745962400
2008-08-18,1959.104,1959.914,1859.692,1859.998,884865100
2008-08-19,1840.253,1898.943,1832.254,1889.099,683400400
2008-08-20,1874.436,2043.002,1861.162,2042.944,1775943200
2008-08-21,2011.343,2045.255,1973.169,1975.889,1385414100
2008-08-22,1954.422,1971.503,1915.875,1948.065,928274500
2008-08-25,1953.285,1988.407,1929.147,1954.851,700520600
2008-08-26,1930.063,1958.534,1900.592,1919.976,899813600
2008-08-27,1914.996,1955.173,1898.22,1921.884,987179200
2008-08-28,1924.698,1964.343,1920.675,1938.757,839783000
2008-08-29,1950.409,1997.198,1939.684,1975.453,1139395500
2008-09-01,1958.27,1959.839,1895.495,1905.901,836965300
2008-09-02,1893.006,1901.937,1871.435,1882.179,743554500
2008-09-03,1880.291,1894.457,1827.458,1849.173,906730300
2008-09-04,1842.213,1859.499,1816.034,1845.865,741669800
2008-09-05,1799.396,1822.268,1781.704,1796.961,811021100
2008-09-08,1805.411,1812.217,1764.278,1770.373,810616100
2008-09-09,1779.133,1790.18,1758.553,1780.729,671099300
2008-09-10,1769.877,1815.798,1746.515,1781.776,843237600
2008-09-11,1774.025,1776.462,1705.576,1709.795,927223000
2008-09-12,1711.094,1731.276,1699.46,1711.959,736534300
2008-09-16,1673.791,1673.791,1607.274,1615.581,1593848800
2008-09-17,1589.304,1610.743,1528.426,1532.958,1714176700
2008-09-18,1481.101,1550.427,1433.436,1508.523,2399133400
2008-09-19,1649.187,1650.537,1632.123,1650.537,1295111800
2008-09-22,1785.32,1801.168,1719.673,1780.375,4533708200
2008-09-23,1731.857,1776.752,1718.755,1726.13,4420934100
2008-09-24,1681.98,1737.333,1660.463,1736.119,2348233300
2008-09-25,1740.569,1844.569,1736.636,1808.808,3450743400
2008-09-26,1816.784,1823.004,1770.682,1811.339,2509473200
2008-10-06,1788.966,1788.966,1712.505,1712.714,1892859300
2008-10-07,1639.135,1713.189,1622.825,1678.266,1897757400
2008-10-08,1623.282,1647.923,1579.601,1600.502,1701746700
2008-10-09,1629.266,1631.447,1577.481,1587.041,1449230400
2008-10-10,1519.463,1556.544,1497.338,1528.135,1844643100
2008-10-13,1519.66,1614.507,1488.344,1613.839,2092345900
2008-10-14,1675.404,1679.916,1564.173,1564.727,2494191300
2008-10-15,1543.239,1563.314,1529.705,1548.519,1371765500
2008-10-16,1478.451,1509.744,1471.039,1473.254,1638312000
2008-10-17,1489.529,1500.246,1462.931,1480.162,1145837400
2008-10-20,1474.968,1534.276,1452.847,1531.692,1272874200
2008-10-21,1534.935,1553.864,1512.869,1514.129,1435482500
2008-10-22,1491.915,1516.934,1469.21,1470.922,1448474700
2008-10-23,1433.808,1460.789,1416.29,1459.197,1611022300
2008-10-24,1457.193,1461.917,1401.68,1408.126,1537091100
2008-10-27,1379.528,1379.528,1303.725,1305.705,1476379400
2008-10-28,1274.795,1364.365,1269.291,1353.688,2149777200
2008-10-29,1364.083,1377.571,1316.646,1316.982,1735582800
2008-10-30,1326.181,1380.464,1305.541,1358.891,1907500800
2008-10-31,1348.504,1355.489,1320.925,1327.705,1213567600
2008-11-03,1312.787,1351.853,1308.249,1323.888,1128002900
2008-11-04,1317.959,1323.927,1290.808,1313.017,1058110600
2008-11-05,1324.385,1394.492,1324.385,1370.764,2060425200
2008-11-06,1332.73,1344.287,1324.49,1332.714,1322669900
2008-11-07,1304.852,1377.386,1301.036,1363.458,1377705400
2008-11-10,1398.222,1471.591,1398.222,1469.623,2885178200
2008-11-11,1460.635,1478.138,1441.283,1443.209,2528200400
2008-11-12,1424.959,1468.206,1422.323,1457.431,1625086500
2008-11-13,1434.854,1527.318,1421.356,1509.893,3348593200
2008-11-14,1524.927,1553.428,1504.509,1550.465,3361087200
2008-11-17,1541.339,1573.288,1529.887,1572.904,3156935200
2008-11-18,1564.702,1583.797,1452.17,1459.109,3726468800
2008-11-19,1455.288,1549.475,1441.2,1543.77,3201140800
2008-11-20,1512.185,1545.81,1496.118,1511.797,2823313600
2008-11-21,1461.431,1541.523,1432.748,1501.093,3041041800
2008-11-24,1493.431,1499.209,1434.349,1435.641,1763940400
2008-11-25,1462.973,1472.485,1412.664,1435.356,1437584900
2008-11-26,1434.146,1456.765,1421.095,1440.636,1386969100
2008-11-27,1527.793,1536.606,1454.721,1455.736,3149493200
2008-11-28,1441.344,1451.943,1399.361,1411.165,1993485600
2008-12-01,1407.442,1426.415,1383.783,1424.864,1538698800
2008-12-02,1391.852,1437.37,1386.812,1419.485,1946463600
2008-12-03,1434.796,1487.329,1432.891,1486.89,3009436600
2008-12-04,1510.4,1569.218,1510.4,1521.595,4361194800
2008-12-05,1510.07,1539.198,1505.72,1538.468,2525393200
2008-12-08,1561.28,1603.42,1553.338,1602.749,4102570400
2008-12-09,1609.413,1609.681,1554.187,1554.506,3418612000
2008-12-10,1546.993,1607.802,1538.966,1607.489,3432959600
2008-12-11,1594.662,1612.33,1562.45,1567.021,2717286000
2008-12-12,1551.034,1559.528,1483.77,1499.292,2663540800
2008-12-15,1524.136,1536.173,1486.267,1508.715,1951360800
2008-12-16,1492.238,1514.318,1462.697,1512.084,1821562200
2008-12-17,1518.166,1532.637,1505.202,1510.349,2096228000
2008-12-18,1508.47,1554.101,1493.398,1552.748,2192688000
2008-12-19,1542.793,1577.882,1538.796,1554.114,2410630200
2008-12-22,1552.713,1554.184,1508.381,1522.438,1800102800
2008-12-23,1521.6,1521.6,1451.34,1451.759,2204096400
2008-12-24,1434.588,1451.633,1419.56,1428.895,1474691900
2008-12-25,1431.182,1439.659,1401.278,1415.829,1392072800
2008-12-26,1414.918,1431.357,1405.593,1416.833,1212906100
2008-12-29,1409.727,1414.36,1385.447,1407.626,1226006400
2008-12-30,1407.058,1419.892,1385.309,1390.401,1471358900
2008-12-31,1393.415,1404.752,1382.069,1384.914,1301863400
2009-01-05,1411.083,1437.057,1402.049,1436.885,2098515600
2009-01-06,1436.482,1488.342,1430.702,1482.284,3021644000
2009-01-07,1482.015,1495.651,1468.175,1468.456,2377336000
2009-01-08,1439.321,1440.114,1420.18,1430.087,2325944400
2009-01-09,1428.237,1452.374,1428.237,1447.143,1750053600
2009-01-12,1441.632,1462.306,1433.869,1441.731,1878698800
2009-01-13,1420.132,1433.248,1412.927,1414.08,1834640800
2009-01-14,1413.442,1476.709,1413.442,1476.709,2364654000
2009-01-15,1460.608,1484.922,1452.387,1469.204,3160958800
2009-01-16,1478.073,1533.961,1478.073,1502.004,4332392000
2009-01-19,1522.137,1568.643,1517.978,1529.576,3893055200
2009-01-20,1524.822,1539.961,1508.673,1539.373,2213241200
2009-01-21,1513.19,1560.908,1510.232,1536.759,2709235000
2009-01-22,1547.891,1557.797,1525.011,1547.589,2272364400
2009-01-23,1542.932,1553.606,1530.463,1538.273,2275550000
2009-02-02,1553.339,1556.597,1529.174,1541.678,1644271700
2009-02-03,1542.425,1580.71,1538.199,1580.293,3206687000
2009-02-04,1588.613,1632.238,1587.559,1631.742,4021921600
2009-02-05,1630.261,1677.866,1617.919,1629.466,4555465200
2009-02-06,1634.602,1691.492,1634.602,1689.002,3996903200
2009-02-09,1715.15,1735.619,1696.398,1716.505,4825044400
2009-02-10,1710.12,1726.439,1683.278,1723.548,4298210800
2009-02-11,1694.046,1764.017,1682.838,1728.942,5910142800
2009-02-12,1729.663,1733.433,1661.949,1699.346,4502671600
2009-02-13,1700.577,1758.611,1688.342,1755.569,5767206000
2009-02-16,1771.624,1817.548,1768.833,1817.061,6462112000
2009-02-17,1815.57,1829.475,1762.767,1763.945,5869238400
2009-02-18,1723.86,1743.596,1672.326,1675.858,4561860800
2009-02-19,1688.817,1703.1,1651.595,1675.769,3500245200
2009-02-20,1673.975,1696.098,1651.402,1695.255,3218262800
2009-02-23,1680.824,1740.781,1654.893,1733.424,4338998800
2009-02-24,1703.48,1721.361,1635.145,1640.568,4864806000
2009-02-25,1661.746,1681.483,1596.61,1662.263,4292633600
2009-02-26,1651.765,1688.224,1593.225,1605.611,4372121200
2009-02-27,1592.386,1621.107,1580.403,1592.01,3596353600
2009-03-02,1586.56,1605.537,1553.691,1592.612,2429895600
2009-03-03,1552.856,1583.248,1544.619,1563.97,2452115600
2009-03-04,1568.716,1677.844,1568.716,1671.569,5075972800
2009-03-05,1691.246,1718.574,1658.052,1694.648,6421105200
2009-03-06,1659.574,1700.852,1656.605,1676.79,3667005600
2009-03-09,1689.123,1716.355,1619.793,1620.129,3941337600
2009-03-10,1601.654,1649.134,1594.471,1648.151,2417051200
2009-03-11,1685.144,1687.624,1629.299,1634.077,2919694400
2009-03-12,1623.61,1630.5,1590.236,1628.336,2134986800
2009-03-13,1640.526,1656.555,1622.508,1626.018,2193075000
2009-03-16,1619.764,1663.004,1604.092,1656.184,2180117200
2009-03-17,1656.007,1710.53,1651.692,1705.512,3827055600
2009-03-18,1714.993,1727.508,1701.365,1702.296,3899548800
2009-03-19,1706.308,1736.694,1697.373,1733.8,3731061600
2009-03-20,1737.534,1744.615,1705.956,1726.211,4291377600
2009-03-23,1728.656,1773.92,1723.278,1767.049,4267098000
2009-03-24,1802.162,1807.412,1768.635,1776.117,4601397600
2009-03-25,1764.031,1793.916,1746.67,1747.419,3909556800
2009-03-26,1755.869,1812.213,1744.148,1811.873,5162153200
2009-03-27,1827.985,1840.144,1812.627,1825.631,6077437200
2009-03-30,1829.106,1836.098,1807.93,1817.407,4025721600
2009-03-31,1783.724,1839.068,1772.266,1830.28,3886053600
2009-04-01,1839.408,1865.479,1833.845,1852.019,5010150000
2009-04-02,1859.877,1899.234,1859.562,1878.396,5933414400
2009-04-03,1898.695,1920.77,1877.467,1892.727,5720504800
2009-04-07,1892.668,1915.604,1869.484,1894.124,3921636000
2009-04-08,1883.139,1892.407,1816.117,1816.333,4482904000
2009-04-09,1817.203,1847.988,1803.064,1847.165,3192113200
2009-04-10,1867.498,1895.565,1858.441,1895.159,4369164800
2009-04-13,1915.431,1952.04,1911.801,1939.558,6008152800
2009-04-14,1935.995,1955.891,1928.027,1949.022,4112730800
2009-04-15,1938.773,1950.766,1905.101,1943.35,4541902400
2009-04-16,1945.124,1958.748,1907.433,1943.214,4593558400
2009-04-17,1933.504,1951.664,1908.081,1920.309,3694311200
2009-04-20,1915.995,1958.332,1913.799,1956.777,3608890400
2009-04-21,1926.472,1945.929,1903.865,1930.572,4117249600
2009-04-22,1941.168,1967.267,1867.42,1874.751,5228353600
2009-04-23,1859.123,1882.711,1850.25,1876.424,3260148000
2009-04-24,1886.154,1888.095,1857.779,1860.748,2812208200
2009-04-27,1858.864,1866.137,1815.816,1827.471,3112934000
2009-04-28,1810.239,1837.482,1805.776,1826.136,2554986600
2009-04-29,1827.002,1910.452,1822.928,1901.068,3870326400
2009-04-30,1903.233,1910.033,1884.528,1895.7,3631685600
2009-05-04,1903.083,1959.815,1900.036,1957.94,4708760400
2009-05-05,1971.743,1986.594,1952.092,1960.98,4241200400
2009-05-06,1960.885,1989.094,1951.757,1980.2,4438952000
2009-05-07,1992.349,2015.902,1971.039,1991.167,5199680000
2009-05-08,1982.553,2027.918,1973.474,2022.953,4670070000
2009-05-11,2040.184,2086.538,2000.532,2000.775,5970960000
2009-05-12,1985.389,2037.291,1980.09,2035.976,3900626000
2009-05-13,2037.798,2059.174,2019.124,2053.802,4852110800
2009-05-14,2025.542,2033.929,2002.537,2021.56,3495530800
2009-05-15,2028.727,2039.375,2010.142,2022.301,2345365200
2009-05-18,2011.231,2030.497,1985.682,2029.06,3334592000
2009-05-19,2051.573,2059.147,2038.277,2050.046,4086976400
2009-05-20,2051.669,2053.336,2018.904,2019.41,3548079600
2009-05-21,2004.769,2016.305,1963.357,1972.468,3803031200
2009-05-22,1959.309,1980.676,1951.745,1967.661,2363483800
2009-05-25,1930.843,1978.942,1927.033,1970.98,2774936000
2009-05-26,1976.612,1978.651,1945.021,1945.496,2370300800
2009-05-27,1954.669,2000.378,1949.873,1991.285,3248570400
2009-06-01,2021.728,2082.881,2021.728,2076.877,5732614400
2009-06-02,2091.72,2101.838,2069.501,2074.757,5081736000
2009-06-03,2075.932,2150.133,2075.932,2149.577,5333754000
2009-06-04,2138.627,2182.67,2131.423,2174.015,6250775600
2009-06-05,2183.039,2191.188,2159.775,2160.416,4485535600
2009-06-08,2161.102,2214.427,2143.415,2186.474,4714002000
2009-06-09,2186.126,2198.388,2145.164,2197.145,4456788400
2009-06-10,2201.835,2224.633,2197.278,2212.191,4641200400
2009-06-11,2207.197,2227.655,2189.215,2196.726,3701447200
2009-06-12,2192.104,2212.655,2138.637,2156.534,3518773200
2009-06-15,2164.453,2219.492,2150.548,2217.38,3772305600
2009-06-16,2193.352,2228.358,2186.544,2207.622,3288128000
2009-06-17,2203.542,2242.395,2173.774,2236.076,3134318200
2009-06-18,2238.963,2289.406,2237.24,2283.532,4431544400
2009-06-19,2287.038,2316.368,2281.014,2309.224,4669939600
2009-06-22,2334.951,2351.404,2313.964,2320.75,4674145200
2009-06-23,2283.805,2374.616,2279.117,2331.505,5565592800
2009-06-24,2325.068,2340.791,2301.934,2336.08,4927520800
2009-06-25,2337.168,2356.566,2324.959,2335.923,3504494000
2009-06-26,2341.701,2354.157,2329.141,2344.398,2949828800
2009-06-29,2347.893,2392.0,2341.775,2391.07,3452228000
2009-06-30,2400.2,2404.186,2377.122,2380.9,4017628000
2009-07-01,2369.513,2444.097,2367.339,2440.897,4236822400
2009-07-02,2448.043,2491.281,2447.94,2481.071,5083177600
2009-07-03,2459.887,2509.223,2454.919,2508.282,4319920800
2009-07-06,2511.17,2556.872,2511.17,2549.49,5897081200
2009-07-07,2546.053,2562.2,2507.719,2516.989,5710200400
2009-07-08,2487.674,2519.539,2432.418,2502.154,5253521600
2009-07-09,2495.701,2532.563,2480.177,2531.981,4308478400
2009-07-10,2533.425,2543.677,2504.655,2519.075,3999193600
2009-07-13,2500.645,2507.211,2466.402,2467.485,4023071200
2009-07-14,2478.115,2549.003,2478.115,2548.769,4391639200
2009-07-15,2559.073,2581.56,2558.306,2576.776,5233952800
2009-07-16,2598.646,2630.962,2575.389,2598.074,5397918400
2009-07-17,2598.961,2617.712,2579.582,2604.354,4410979600
2009-07-20,2615.297,2658.63,2597.245,2652.026,5572615200
2009-07-21,2664.962,2685.427,2618.357,2622.712,5410202400
2009-07-22,2622.284,2678.188,2621.738,2677.151,4933758800
2009-07-23,2681.396,2720.632,2662.143,2717.23,5049869600
2009-07-24,2733.286,2752.569,2684.921,2743.025,5793423600
2009-07-27,2753.683,2805.762,2752.17,2805.039,6115110000
2009-07-28,2803.643,2807.707,2767.018,2799.312,5640727200
2009-07-29,2788.67,2829.802,2583.073,2671.593,7321459900
2009-07-30,2702.463,2771.355,2662.87,2754.189,6331227200
2009-07-31,2782.867,2818.546,2746.323,2816.886,5676580000
2009-08-03,2832.816,2840.159,2794.448,2837.737,5023475200
2009-08-04,2849.411,2849.411,2763.015,2810.259,5355446800
2009-08-05,2805.423,2805.807,2734.384,2761.957,5740498400
2009-08-06,2737.523,2755.597,2654.861,2698.255,4587962400
2009-08-07,2694.952,2718.884,2621.11,2634.488,3904470400
2009-08-10,2658.581,2673.02,2572.504,2611.993,3516049600
2009-08-11,2622.943,2627.73,2582.152,2614.85,2413528000
2009-08-12,2608.048,2610.672,2489.932,2493.481,3826611200
2009-08-13,2493.233,2535.366,2449.383,2528.644,3816496000
2009-08-14,2520.863,2532.413,2445.308,2463.523,3617312400
2009-08-17,2418.317,2453.709,2327.281,2331.718,3983362400
2009-08-18,2313.159,2354.876,2278.346,2342.809,3301950800
2009-08-19,2348.973,2355.442,2206.597,2230.719,3428505600
2009-08-20,2240.096,2334.365,2240.096,2333.486,3314763000
2009-08-21,2326.669,2392.035,2309.538,2367.567,3630922800
2009-08-24,2384.338,2388.073,2342.869,2368.052,3061214200
2009-08-25,2355.197,2355.197,2193.995,2259.55,3911258400
2009-08-26,2239.663,2317.675,2225.813,2292.488,3066972800
2009-08-27,2277.377,2316.238,2247.478,2276.012,3173082000
2009-08-28,2273.654,2287.526,2177.923,2193.518,3839680000
2009-08-31,2163.013,2163.013,2043.361,2046.589,3641359200
2009-09-01,2033.44,2115.826,2033.44,2076.684,3052590000
2009-09-02,2062.884,2130.992,2053.596,2123.505,2697463800
2009-09-03,2127.212,2237.329,2119.46,2230.517,3965507200
2009-09-04,2232.023,2262.542,2218.199,2237.492,3360752000
2009-09-07,2254.752,2293.124,2237.861,2253.805,3205814800
2009-09-08,2240.824,2295.352,2211.435,2294.886,3152826000
2009-09-09,2307.686,2322.865,2271.897,2305.0,3293098800
2009-09-10,2295.798,2311.363,2272.85,2284.071,2369804800
2009-09-11,2279.317,2364.749,2279.317,2356.98,3423682400
2009-09-14,2361.991,2388.282,2351.424,2384.622,3084307200
2009-09-15,2387.403,2405.599,2359.196,2385.33,3051494800
2009-09-16,2373.772,2380.094,2312.563,2336.615,3151607200
2009-09-17,2354.919,2389.336,2354.919,2383.033,3343599600
2009-09-18,2386.077,2389.743,2279.079,2296.319,3845677600
2009-09-21,2271.084,2292.719,2216.364,2290.256,2733652400
2009-09-22,2280.21,2307.727,2232.106,2233.08,2670441400
2009-09-23,2236.302,2258.251,2188.265,2199.085,2439383600
2009-09-24,2187.612,2262.278,2166.235,2234.705,2745870400
2009-09-25,2217.045,2244.04,2195.941,2226.003,2014082800
2009-09-28,2230.924,2242.334,2153.09,2162.153,1705572000
2009-09-29,2165.952,2194.136,2144.603,2177.434,1986994000
2009-09-30,2192.917,2216.054,2182.484,2198.407,1908610000
2009-10-09,2251.817,2309.719,2246.279,2308.682,2430082200
2009-10-12,2322.769,2335.265,2293.061,2293.822,2460527400
2009-10-13,2288.139,2334.076,2285.896,2331.643,1983069800
2009-10-14,2339.566,2389.794,2334.338,2352.241,3204633600
2009-10-15,2379.331,2402.35,2355.347,2363.598,2207125600
2009-10-16,2371.234,2384.41,2320.758,2358.968,2103614800
2009-10-19,2354.296,2415.201,2344.395,2413.013,2739868000
2009-10-20,2435.527,2459.855,2430.345,2455.184,3570303200
2009-10-21,2454.211,2483.162,2439.634,2450.456,3245409600
2009-10-22,2446.164,2458.511,2426.546,2428.972,2166226800
2009-10-23,2435.18,2498.613,2435.18,2481.542,3366070000
2009-10-26,2488.605,2499.158,2465.5,2484.524,2417416600
2009-10-27,2463.245,2467.644,2412.5,2413.216,2851001600
2009-10-28,2406.405,2424.815,2359.032,2409.318,2291979000
2009-10-29,2359.878,2378.961,2341.919,2349.015,2249118400
2009-10-30,2394.059,2413.781,2371.308,2376.032,2182807600
2009-11-02,2319.701,2466.079,2313.786,2461.621,3166984000
2009-11-03,2467.017,2500.546,2461.485,2487.726,2689479600
2009-11-04,2491.56,2519.942,2470.364,2502.454,2962161400
2009-11-05,2504.657,2517.193,2485.925,2505.14,2885428400
2009-11-06,2528.463,2536.555,2507.795,2512.416,3196240000
2009-11-09,2515.837,2520.215,2485.643,2518.985,2786246400
2009-11-10,2537.051,2549.639,2519.203,2520.571,3104341600
2009-11-11,2518.73,2526.39,2494.17,2511.676,2729769800
2009-11-12,2521.354,2536.92,2499.709,2508.503,2907355600
2009-11-13,2504.144,2525.005,2471.881,2523.989,3484282400
2009-11-16,2540.489,2602.336,2540.489,2601.507,4764148800
2009-11-17,2614.119,2627.925,2601.484,2605.813,3821548400
2009-11-18,2610.423,2624.256,2595.569,2605.836,3305350600
2009-11-19,2612.299,2626.232,2581.913,2602.845,3469664800
2009-11-20,2592.86,2604.692,2561.753,2583.012,3403720800
2009-11-23,2586.834,2594.946,2569.273,2594.039,3138116000
2009-11-24,2605.572,2615.246,2516.73,2523.284,5245540800
2009-11-25,2522.629,2567.005,2487.965,2566.214,4649048000
2009-11-26,2567.812,2573.897,2451.509,2459.202,5107110800
2009-11-27,2433.839,2448.932,2379.948,2388.942,3412820000
2009-11-30,2411.91,2468.036,2405.597,2467.478,3359883600
2009-12-01,2461.711,2497.343,2437.973,2491.901,4137838400
2009-12-02,2505.336,2527.104,2497.154,2513.318,3972704400
2009-12-03,2511.757,2511.757,2473.057,2497.273,3377012800
2009-12-04,2489.789,2588.995,2474.738,2587.146,6517595200
2009-12-07,2587.07,2606.711,2573.536,2594.967,4084031200
2009-12-08,2594.615,2595.653,2530.124,2552.67,3381588800
2009-12-09,2517.441,2531.761,2487.204,2495.03,2876225400
2009-12-10,2515.804,2527.794,2486.69,2509.747,2364405000
2009-12-11,2516.835,2539.59,2504.439,2507.196,1985474800
2009-12-14,2502.42,2569.059,2451.984,2553.811,3993997600
2009-12-15,2536.847,2555.07,2519.815,2524.856,2863697600
2009-12-16,2511.35,2551.023,2505.752,2512.577,2490133400
2009-12-17,2521.081,2530.185,2461.28,2464.802,2902765200
2009-12-18,2444.822,2459.863,2414.173,2424.685,3047045200
2009-12-21,2417.992,2430.795,2385.924,2413.074,2272210000
2009-12-22,2416.899,2419.639,2347.21,2357.269,2522486600
2009-12-23,2356.928,2377.989,2342.754,2370.08,2261899800
2009-12-24,2376.296,2435.184,2366.375,2430.363,2860300400
2009-12-25,2423.482,2430.76,2402.619,2406.597,1818438800
2009-12-28,2412.668,2463.304,2412.668,2446.218,2361315800
2009-12-29,2448.317,2472.242,2435.374,2471.357,2406886000
2009-12-30,2476.369,2547.389,2472.169,2541.806,4812484800
2009-12-31,2545.864,2563.967,2535.691,2553.8,3306323200
2010-01-04,2565.108,2570.152,2514.237,2514.646,2732744400
2010-01-05,2526.291,2560.667,2487.048,2543.991,3537744000
2010-01-06,2538.285,2549.571,2513.365,2514.014,2964615100
2010-01-07,2516.057,2527.427,2450.402,2463.758,3204318400
2010-01-08,2453.061,2470.024,2432.013,2466.165,2268341000
2010-01-11,2584.528,2584.528,2467.67,2478.81,4084119200
2010-01-12,2472.623,2513.298,2435.156,2508.039,3804814600
2010-01-13,2444.237,2457.9,2396.474,2399.642,4955885600
2010-01-14,2412.634,2428.705,2384.165,2422.771,3056221400
2010-01-15,2423.13,2445.203,2402.904,2427.807,2599492800
2010-01-18,2414.893,2421.89,2398.778,2421.188,3093634400
2010-01-19,2424.469,2450.281,2424.161,2432.713,2782907600
2010-01-20,2436.647,2439.468,2356.161,2359.485,3474848400
2010-01-21,2362.597,2391.508,2346.148,2377.753,2919614800
2010-01-22,2344.973,2398.989,2317.481,2380.055,4063927200
2010-01-25,2355.357,2389.627,2350.009,2353.471,2074988000
2010-01-26,2354.905,2363.411,2296.875,2311.447,2470038400
2010-01-27,2313.007,2319.993,2260.564,2264.605,2228021200
2010-01-28,2263.061,2267.853,2235.603,2252.61,1902345600
2010-01-29,2241.117,2276.767,2231.649,2243.994,1862603600
2010-02-01,2238.617,2238.898,2182.952,2208.936,2208243600
2010-02-02,2223.598,2261.633,2210.696,2214.033,1964011600
2010-02-03,2226.797,2278.475,2190.428,2277.798,2483645000
2010-02-04,2258.084,2276.47,2247.64,2261.358,1718266800
2010-02-05,2212.308,2233.315,2204.929,2219.6,1845618200
2010-02-08,2220.842,2233.135,2201.802,2211.135,1200679600
2010-02-09,2210.328,2234.53,2207.848,2229.038,1054168300
2010-02-10,2246.77,2260.479,2239.177,2259.99,1208484800
2010-02-11,2261.823,2275.759,2254.975,2265.138,1253547900
2010-02-12,2275.592,2286.676,2270.756,2284.386,1302626000
2010-02-22,2282.09,2291.783,2268.092,2269.045,1368835900
2010-02-23,2261.993,2261.993,2202.214,2227.952,1527639500
2010-02-24,2211.393,2252.645,2204.675,2251.7,1681535200
2010-02-25,2254.801,2286.92,2251.963,2282.64,2418678000
2010-02-26,2278.432,2288.597,2270.769,2274.325,1527405900
2010-03-01,2282.338,2316.384,2281.699,2311.075,1931267600
2010-03-02,2312.492,2320.312,2293.917,2302.185,1521233800
2010-03-03,2304.056,2312.419,2287.037,2311.841,1584584600
2010-03-04,2312.299,2312.783,2259.176,2261.926,1962071600
2010-03-05,2264.678,2276.763,2258.962,2267.939,1334753700
2010-03-08,2272.607,2290.091,2265.195,2284.682,1237555300
2010-03-09,2284.024,2315.36,2266.818,2302.393,1875209400
2010-03-10,2301.705,2318.312,2286.185,2292.503,1626450300
2010-03-11,2296.931,2316.382,2282.887,2300.043,1831078200
2010-03-12,2300.613,2306.99,2273.862,2274.532,1425631700
2010-03-15,2274.714,2276.445,2232.953,2240.731,1391240300
2010-03-16,2239.427,2262.006,2234.669,2261.515,1155131500
2010-03-17,2266.958,2307.399,2260.102,2307.083,1722384600
2010-03-18,2307.257,2318.05,2288.894,2294.947,1581029300
2010-03-19,2296.776,2313.026,2282.378,2310.546,1539076000
2010-03-22,2314.442,2330.671,2310.074,2316.631,1920785800
2010-03-23,2319.198,2321.263,2290.432,2292.004,1656625400
2010-03-24,2298.883,2313.427,2289.113,2291.833,1635631500
2010-03-25,2286.613,2286.613,2253.609,2259.141,1589812300
2010-03-26,2257.402,2302.513,2253.838,2292.673,1977534400
2010-03-29,2309.916,2368.696,2306.283,2363.976,3901410400
2010-03-30,2364.79,2372.794,2355.319,2368.51,1864503600
2010-03-31,2370.827,2372.558,2345.848,2350.818,2056242600
2010-04-01,2352.997,2381.388,2352.997,2376.597,2338267200
2010-04-02,2382.545,2386.14,2370.659,2379.194,2242364000
2010-04-06,2391.253,2403.816,2367.099,2378.575,2141964800
2010-04-07,2376.778,2377.106,2349.505,2362.281,1768771600
2010-04-08,2358.179,2358.179,2316.708,2325.672,2126680800
2010-04-09,2327.264,2346.393,2322.474,2345.754,1569533000
2010-04-12,2350.116,2353.788,2301.646,2317.383,2556991200
2010-04-13,2316.994,2368.912,2315.279,2364.837,2919577600
2010-04-14,2367.002,2371.068,2352.843,2366.611,2066106200
2010-04-15,2370.197,2374.558,2343.244,2366.572,2140163800
2010-04-16,2361.339,2361.339,2328.23,2329.12,1669181100
2010-04-19,2296.882,2296.882,2208.772,2210.82,3648958800
2010-04-20,2214.309,2224.733,2180.401,2204.812,2376079200
2010-04-21,2207.499,2239.291,2189.972,2238.501,2382303200
2010-04-22,2224.325,2224.325,2186.286,2196.224,2680863200
2010-04-23,2195.405,2208.796,2169.47,2185.155,2323822000
2010-04-26,2190.095,2197.591,2168.389,2170.319,1795705400
2010-04-27,2165.936,2165.936,2103.416,2131.841,2641215600
2010-04-28,2115.675,2137.431,2103.717,2126.529,1621543400
2010-04-29,2139.995,2156.083,2123.855,2124.392,1674506900
2010-04-30,2133.069,2150.033,2114.119,2149.453,2116768800
2010-05-04,2103.673,2130.757,2096.118,2109.812,1583137900
2010-05-05,2078.193,2110.783,2051.186,2110.045,2425819400
2010-05-06,2089.653,2089.653,2005.062,2007.012,2274733600
2010-05-07,1969.623,2012.969,1956.829,1980.168,2576883400
2010-05-10,1987.1,2016.855,1968.004,2007.522,1926936400
2010-05-11,2048.249,2051.272,1957.758,1967.66,2427543600
2010-05-12,1956.506,2002.807,1943.515,2001.131,2327024200
2010-05-13,1999.107,2044.825,1996.954,2041.556,2468601200
2010-05-14,2024.617,2035.406,2012.492,2019.73,1591753700
2010-05-17,1994.469,1994.469,1924.036,1927.692,2123860200
2010-05-18,1928.987,1977.137,1919.074,1968.37,2197260000
2010-05-19,1952.915,1986.601,1932.825,1956.22,1822032400
2010-05-20,1939.496,1971.258,1920.994,1925.244,1614273900
2010-05-21,1879.261,1944.702,1874.318,1943.429,2098663200
2010-05-24,1955.069,2017.324,1955.069,2007.763,2944582800
2010-05-25,1992.166,1994.187,1950.637,1958.458,2090538400
2010-05-26,1962.926,1974.787,1948.403,1957.943,1385329900
2010-05-27,1952.966,1987.882,1927.671,1982.952,1899476400
2010-05-28,2001.195,2005.398,1964.408,1973.622,1859204600
2010-05-31,1961.699,1975.587,1924.893,1926.109,1757968000
2010-06-01,1916.623,1938.176,1895.906,1911.432,1832761800
2010-06-02,1897.577,1908.541,1876.197,1907.902,1681103800
2010-06-03,1915.154,1927.404,1894.362,1895.147,1482624100
2010-06-04,1884.428,1899.232,1877.699,1894.45,1262509800
2010-06-07,1863.674,1873.268,1843.405,1853.363,1565478300
2010-06-08,1853.582,1866.914,1829.442,1845.13,1301961100
2010-06-09,1854.097,1914.076,1829.547,1906.896,2465362600
2010-06-10,1882.6,1891.961,1871.994,1873.824,1474179900
2010-06-11,1884.505,1901.245,1880.626,1883.196,1334345400
2010-06-17,1897.62,1901.571,1881.672,1882.133,1064799400
2010-06-18,1881.852,1900.472,1865.328,1870.871,1414844700
2010-06-21,1880.127,1938.74,1873.694,1933.616,2404324000
2010-06-22,1926.629,1937.958,1920.52,1930.002,1330734700
2010-06-23,1921.401,1933.361,1898.265,1913.626,1242172300
2010-06-24,1907.911,1935.858,1902.053,1914.646,1063107600
2010-06-25,1905.805,1927.227,1901.003,1915.91,1254010200
2010-06-28,1915.296,1931.51,1907.339,1910.469,1115478800
2010-06-29,1911.171,1914.9,1832.247,1833.037,2067933600
2010-06-30,1821.814,1830.618,1810.578,1819.109,1423527100
2010-07-01,1814.567,1826.518,1798.197,1799.881,1190818800
2010-07-02,1798.355,1817.282,1771.491,1812.58,1820285600
2010-07-05,1795.477,1811.332,1776.38,1797.66,1262019900
2010-07-06,1793.245,1826.619,1790.858,1826.395,1591141300
2010-07-07,1822.331,1829.806,1810.529,1829.557,1151635400
2010-07-08,1837.237,1846.435,1822.318,1828.131,1165301900
2010-07-09,1830.285,1883.432,1815.576,1870.303,2075979400
2010-07-12,1868.421,1897.632,1859.506,1887.671,2115138400
2010-07-13,1867.309,1869.037,1848.547,1859.152,1486955300
2010-07-14,1863.747,1893.682,1863.443,1873.038,1763937200
2010-07-15,1870.365,1890.752,1839.969,1840.668,1466386400
2010-07-16,1833.996,1844.397,1818.176,1839.219,1169994400
2010-07-19,1822.443,1884.632,1818.515,1878.528,1729834400
2010-07-20,1880.249,1915.49,1880.24,1909.965,2553464200
2010-07-21,1912.203,1925.484,1903.296,1914.33,2259816800
2010-07-22,1906.929,1936.23,1903.992,1933.877,2047408000
2010-07-23,1937.373,1956.417,1932.093,1945.451,2424473600
2010-07-26,1948.629,1955.672,1929.847,1951.87,1649231900
2010-07-27,1945.04,1947.412,1931.191,1936.074,1515353800
2010-07-28,1937.858,1986.258,1929.796,1983.628,2996562400
2010-07-29,1984.464,2002.112,1979.041,1993.87,3976729600
2010-07-30,1990.454,1991.341,1972.567,1986.76,2256868000
2010-08-02,1984.124,2019.249,1982.752,2015.655,2627898400
2010-08-03,2019.66,2022.545,1978.072,1978.414,2890122000
2010-08-04,1975.738,1988.31,1948.911,1981.525,2472010800
2010-08-05,1980.775,1980.775,1945.381,1954.336,2385687400
2010-08-06,1953.063,1980.852,1934.57,1979.228,2400015200
2010-08-09,1974.968,1992.433,1968.201,1988.017,2543824000
2010-08-10,1989.549,1991.898,1933.72,1934.587,2937958800
2010-08-11,1930.361,1950.788,1928.304,1939.844,2060559200
2010-08-12,1924.716,1941.676,1911.685,1914.451,2084903400
2010-08-13,1915.811,1931.71,1902.625,1930.671,2270082400
2010-08-16,1926.391,1974.72,1920.458,1971.295,2793326600
2010-08-17,1974.685,1984.488,1965.449,1979.789,2540554800
2010-08-18,1982.294,1997.448,1971.463,1974.664,2491141000
2010-08-19,1979.219,2005.296,1972.045,1994.162,2862552800
2010-08-20,1985.583,1998.415,1964.0,1967.061,2598319800
2010-08-23,1963.312,1982.467,1957.802,1962.778,1539157500
2010-08-24,1959.61,1979.711,1938.679,1960.055,1926221400
2010-08-25,1948.457,1954.945,1914.763,1914.997,2240860400
2010-08-26,1922.9,1930.215,1907.461,1914.636,1434999000
2010-08-27,1914.215,1919.07,1903.912,1917.581,1243820000
2010-08-30,1926.115,1948.417,1922.916,1942.559,2173314800
2010-08-31,1935.406,1935.521,1916.718,1923.907,2061555200
2010-09-01,1927.719,1949.933,1905.726,1917.33,2506857400
2010-09-02,1941.086,1945.51,1928.544,1935.922,2166539200
2010-09-03,1937.847,1938.121,1913.408,1929.186,2331474400
2010-09-06,1938.539,1977.661,1936.502,1975.677,3344016400
2010-09-07,1979.285,1983.507,1962.794,1973.14,2275479600
2010-09-08,1963.633,1963.633,1946.042,1956.33,2563014000
2010-09-09,1957.957,1957.957,1915.088,1918.286,2568193200
2010-09-10,1920.091,1926.822,1897.954,1915.645,1936324600
2010-09-13,1914.379,1936.084,1906.856,1922.142,2188147600
2010-09-14,1928.086,1939.818,1918.17,1925.014,2228688200
2010-09-15,1926.504,1926.504,1889.068,1893.027,2182084600
2010-09-16,1890.258,1895.134,1845.073,1858.449,2721340200
2010-09-17,1864.718,1869.008,1852.244,1857.31,1729919400
2010-09-20,1859.424,1873.706,1844.157,1860.854,1578651500
2010-09-21,1868.255,1873.347,1858.75,1864.414,1080576200
2010-09-27,1869.983,1882.309,1863.434,1881.545,1745246600
2010-09-28,1876.492,1876.527,1860.683,1863.881,2261755600
2010-09-29,1859.762,1889.789,1859.141,1868.749,2331789600
2010-09-30,1858.454,1914.239,1856.816,1913.109,2726977600
2010-10-08,1933.419,1997.489,1932.595,1990.014,4058764800
2010-10-11,2005.696,2084.305,2005.696,2066.948,6774527200
2010-10-12,2058.092,2094.736,2047.905,2091.781,4972006400
2010-10-13,2093.461,2126.52,2088.954,2125.614,5451513200
2010-10-14,2152.865,2201.643,2152.865,2160.837,8755222400
2010-10-15,2148.922,2255.566,2144.204,2254.392,9678674400
2010-10-18,2270.413,2321.691,2238.566,2241.722,9733763200
2010-10-19,2236.986,2278.583,2219.614,2278.353,5226031200
2010-10-20,2240.735,2320.813,2239.04,2285.214,6812685600
2010-10-21,2287.371,2290.769,2228.038,2245.248,4869622800
2010-10-22,2234.37,2255.694,2212.608,2231.057,3896819200
2010-10-25,2232.015,2295.106,2206.865,2294.451,5091814400
2010-10-26,2300.699,2310.011,2255.13,2272.208,5484627600
2010-10-27,2259.696,2291.618,2222.101,2225.371,4290418800
2010-10-28,2216.275,2237.683,2204.523,2224.238,3501199200
2010-10-29,2226.718,2228.121,2180.86,2189.479,3592866400
2010-11-01,2198.465,2238.471,2198.465,2238.471,4228724800
2010-11-02,2248.009,2265.399,2205.946,2231.704,5249387200
2010-11-03,2232.319,2258.464,2203.318,2226.468,5226784000
2010-11-04,2230.844,2259.235,2228.05,2254.763,4338468000
2010-11-05,2298.528,2308.039,2263.273,2279.004,5304666000
2010-11-08,2287.5,2294.686,2270.251,2289.964,4145977600
2010-11-09,2290.753,2290.753,2244.084,2257.348,4364449600
2010-11-10,2242.613,2242.613,2210.298,2226.16,4299071200
2010-11-11,2227.064,2278.756,2218.574,2252.283,5297751200
2010-11-12,2234.784,2248.28,2126.782,2130.581,6316888400
2010-11-15,2135.514,2144.083,2086.191,2126.697,4482812400
2010-11-16,2120.954,2120.954,2028.593,2032.498,3971752800
2010-11-17,2004.737,2047.179,2001.385,2013.607,3152332000
2010-11-18,2032.624,2046.169,2010.351,2037.462,2526344200
2010-11-19,2048.428,2049.36,1978.693,2039.445,3119569600
2010-11-22,2015.833,2037.828,2010.073,2019.668,2698695600
2010-11-23,2009.804,2009.804,1957.081,1981.261,2670064400
2010-11-24,1972.325,2026.294,1972.325,2014.155,2805480400
2010-11-25,2024.247,2042.016,1997.901,2041.337,2889549600
2010-11-26,2034.146,2040.978,2008.597,2018.397,2144205000
2010-11-29,2008.981,2023.856,1997.329,2011.898,1846357600
2010-11-30,2010.072,2021.268,1943.392,1979.891,2778163800
2010-12-01,1975.821,1992.457,1968.317,1984.305,1509774100
2010-12-02,2016.156,2019.866,1997.234,1998.149,2197472000
2010-12-03,2003.912,2014.906,1994.916,2008.12,1620281600
2010-12-06,2016.108,2038.88,2011.266,2032.03,2298917600
2010-12-07,2023.52,2056.063,2000.195,2046.723,2271746200
2010-12-08,2040.024,2050.751,2016.06,2018.461,2199958200
2010-12-09,2007.766,2026.275,1994.447,1996.384,2500367600
2010-12-10,1988.07,2026.64,1985.176,2021.651,2210962800
2010-12-13,2027.448,2074.575,2021.808,2074.334,3880210800
2010-12-14,2078.195,2084.194,2064.182,2069.921,3070331600
2010-12-15,2070.055,2076.333,2052.268,2054.017,2543175600
2010-12-16,2053.031,2056.49,2032.807,2036.554,2121096800
2010-12-17,2036.507,2036.85,2023.89,2032.138,1555431500
2010-12-20,2039.286,2045.032,1969.98,1999.525,2381516400
2010-12-21,2004.178,2052.549,1996.784,2049.223,2763161600
2010-12-22,2051.802,2057.977,2012.641,2021.976,2368301800
2010-12-23,2018.401,2048.992,2008.046,2017.665,2341881600
2010-12-24,2003.82,2025.044,1994.431,2013.25,2111364400
2010-12-27,2028.554,2045.235,1974.277,1977.692,2781087200
2010-12-28,1969.454,1979.159,1949.0,1950.329,2154408200
2010-12-29,1954.472,1960.151,1936.268,1953.334,1861305600
2010-12-30,1954.089,1957.638,1925.231,1946.515,2279194200
2010-12-31,1949.261,1978.039,1946.337,1977.366,2563222400
2011-01-04,1994.362,2021.931,1985.321,2015.112,3289251000
2011-01-05,1999.184,2011.508,1993.206,1999.219,2887316800
2011-01-06,1999.749,2010.557,1978.824,1984.278,2091860000
2011-01-07,1983.235,2035.88,1969.322,2006.374,3959344800
2011-01-10,2001.395,2019.711,1973.803,1975.744,2752753800
2011-01-11,1969.487,2004.031,1968.219,1999.764,2514417600
2011-01-12,2006.05,2021.369,1987.418,2017.149,2630861000
2011-01-13,2024.705,2026.151,2007.949,2014.167,2230695200
2011-01-14,2005.309,2006.647,1978.503,1982.623,2053374400
2011-01-17,1968.953,1978.143,1912.07,1918.422,2748460000
2011-01-18,1915.761,1929.774,1905.456,1923.695,1692349200
2011-01-19,1923.54,1954.285,1913.106,1953.352,1926488400
2011-01-20,1947.806,1947.806,1894.384,1895.004,2131854800
2011-01-21,1890.756,1959.97,1890.756,1925.838,3029985600
2011-01-24,1926.39,1937.378,1905.698,1911.754,2572574000
2011-01-25,1910.225,1921.54,1899.055,1911.306,1969857600
2011-01-26,1912.345,1929.318,1910.655,1926.036,1464072200
2011-01-27,1911.103,1954.918,1899.895,1949.372,3054712400
2011-01-28,1944.396,1952.844,1929.875,1945.141,2376026000
2011-01-31,1944.739,1965.561,1941.079,1964.106,2276221600
2011-02-01,1968.713,1972.992,1959.322,1968.687,1729254200
2011-02-09,1958.247,1976.758,1940.381,1943.001,1974239600
2011-02-10,1939.716,1977.009,1932.13,1975.98,2004692400
2011-02-11,1972.445,1982.39,1964.989,1976.473,2533390400
2011-02-14,1976.279,2053.02,1976.279,2047.694,4888772400
2011-02-15,2050.021,2070.944,2040.912,2042.644,4206514400
2011-02-16,2038.4,2051.819,2023.864,2051.488,3281702400
2011-02-17,2054.884,2065.773,2035.366,2046.975,2883692200
2011-02-18,2043.68,2047.888,2025.344,2030.318,2325014800
2011-02-21,2019.559,2046.744,2017.642,2046.085,2714492400
2011-02-22,2051.813,2053.332,1989.728,1991.013,3801408400
2011-02-23,1984.118,1998.087,1981.186,1995.679,2553809200
2011-02-24,1993.884,2008.888,1985.798,2002.832,2300570800
2011-02-25,2003.398,2019.453,1985.765,2006.66,2137767200
2011-02-28,2009.085,2023.888,1990.58,2021.849,2293960600
2011-03-01,2022.72,2048.976,2020.527,2035.365,3102744400
2011-03-02,2024.225,2050.159,2019.483,2040.892,3090806400
2011-03-03,2046.296,2083.238,2042.154,2051.649,4916583200
2011-03-04,2053.008,2083.295,2049.735,2080.143,3205586400
2011-03-07,2092.317,2127.104,2092.317,2123.28,4559723600
2011-03-08,2123.75,2135.853,2108.038,2123.781,3033910400
2011-03-09,2129.698,2139.235,2113.531,2120.211,2651795600
2011-03-10,2114.485,2114.485,2070.473,2071.724,2888886800
2011-03-11,2061.773,2075.384,2044.003,2049.113,2119912000
2011-03-14,2045.669,2056.912,2039.593,2053.52,1854110600
2011-03-15,2045.417,2045.417,1989.646,2018.389,3086522800
2011-03-16,2021.204,2053.404,2021.204,2048.93,2331858000
2011-03-17,2030.703,2047.406,2016.112,2023.047,2581250400
2011-03-18,2043.246,2048.36,2030.161,2034.485,2105840000
2011-03-21,2040.1,2051.272,2028.421,2036.231,1984100000
2011-03-22,2044.488,2059.916,2022.682,2054.753,2102472400
2011-03-23,2052.497,2077.71,2048.353,2074.808,2477927200
2011-03-24,2077.841,2080.627,2063.125,2064.165,1892757000
2011-03-25,2067.456,2105.183,2066.905,2096.286,3283568400
2011-03-28,2105.093,2126.526,2100.98,2103.043,3524768000
2011-03-29,2105.207,2130.06,2093.363,2097.564,3978746800
2011-03-30,2097.945,2113.386,2085.076,2101.44,2905956000
2011-03-31,2102.696,2109.328,2076.545,2083.748,2259495600
2011-04-01,2086.98,2126.826,2085.861,2126.451,2498420800
2011-04-06,2130.077,2180.984,2130.077,2175.778,5280148400
2011-04-07,2178.563,2185.259,2165.818,2174.401,3475074400
2011-04-08,2172.262,2187.553,2167.692,2185.316,2738149200
2011-04-11,2191.931,2212.452,2174.437,2175.964,4076098400
2011-04-12,2167.72,2182.065,2153.398,2165.833,3372169200
2011-04-13,2153.927,2199.229,2146.072,2199.229,3110626800
2011-04-14,2200.397,2209.293,2186.201,2190.147,3523934400
2011-04-15,2183.453,2214.838,2176.988,2201.086,2880444400
2011-04-18,2192.29,2214.52,2186.554,2201.371,3016724800
2011-04-19,2186.18,2186.18,2151.8,2151.957,2622331200
2011-04-20,2156.083,2162.11,2134.835,2144.274,2473485400
2011-04-21,2158.218,2173.165,2149.908,2160.699,2316538800
2011-04-22,2161.22,2169.489,2145.386,2151.669,2164185600
2011-04-25,2147.588,2149.048,2122.877,2127.462,2426388200
2011-04-26,2123.059,2134.943,2111.577,2118.326,2096331600
2011-04-27,2127.472,2138.165,2101.088,2113.012,2324035400
2011-04-28,2128.134,2150.801,2109.827,2111.489,2600724600
2011-04-29,2110.782,2116.004,2084.646,2113.871,2166071200
2011-05-03,2111.228,2117.834,2092.862,2114.417,1685346400
2011-05-04,2101.63,2103.277,2052.901,2056.699,2351889600
2011-05-05,2045.498,2056.718,2036.972,2050.069,2101490000
2011-05-06,2026.885,2053.695,2021.985,2037.748,1725644000
2011-05-09,2041.352,2051.988,2029.478,2036.764,1319434600
2011-05-10,2040.692,2058.189,2033.469,2057.666,1170778100
2011-05-11,2056.735,2062.903,2041.066,2048.342,1360474000
2011-05-12,2035.241,2044.592,2020.418,2021.283,1391016400
2011-05-13,2024.376,2043.98,2012.38,2043.259,1715264800
2011-05-16,2036.317,2047.484,2017.912,2019.536,1399431800
2011-05-17,2018.302,2049.811,2009.564,2033.78,1574050500
2011-05-18,2029.257,2059.162,2026.721,2053.637,1350971000
2011-05-19,2059.656,2065.963,2043.663,2046.113,1262306200
2011-05-20,2046.068,2059.691,2043.915,2052.544,1209791500
2011-05-23,2047.774,2047.774,1990.86,1993.067,1983271800
2011-05-24,1989.834,1999.394,1986.335,1995.273,1362292100
2011-05-25,1993.101,1997.439,1969.742,1971.097,1389608200
2011-05-26,1985.567,1990.763,1972.473,1974.328,1186235400
2011-05-27,1976.646,1993.701,1973.477,1976.693,1502442500
2011-05-30,1974.535,1993.786,1968.301,1980.74,1319003800
2011-05-31,1983.159,2011.314,1977.895,2010.564,1403810900
2011-06-01,2004.997,2007.089,1997.88,2002.659,1345945800
2011-06-02,1982.851,1991.896,1943.97,1963.052,2229570200
2011-06-03,1959.036,1978.991,1958.298,1974.951,1317742900
2011-06-07,1968.172,1986.12,1965.213,1984.446,1112125500
2011-06-08,1985.06,1985.06,1956.309,1980.672,1390486700
2011-06-09,1974.112,1977.512,1947.576,1947.875,1490627500
2011-06-10,1945.105,1953.901,1930.338,1951.031,1330891500
2011-06-13,1936.055,1950.313,1924.937,1945.72,1315494200
2011-06-14,1944.232,1977.131,1939.469,1970.099,2158525600
2011-06-15,1963.978,1971.243,1951.277,1952.076,1462916700
2011-06-16,1938.992,1942.811,1925.977,1927.047,1348686200
2011-06-17,1926.445,1935.565,1910.994,1912.379,1496950600
2011-06-20,1910.285,1915.539,1896.982,1904.8,1516562000
2011-06-21,1910.501,1925.153,1906.797,1923.816,1558925500
2011-06-22,1927.106,1932.554,1913.724,1923.562,1377719600
2011-06-23,1916.967,1956.754,1911.838,1950.874,1636810300
2011-06-24,1940.088,2009.965,1938.328,1997.298,3124713800
2011-06-27,1994.991,2007.783,1984.902,1994.583,2051660000
2011-06-28,1996.226,1998.555,1975.626,1993.723,1737592400
2011-06-29,1991.473,1992.004,1959.556,1960.771,2046146800
2011-06-30,1965.056,2003.643,1965.056,1989.433,2209796800
2011-07-01,1994.088,2002.04,1978.457,1986.03,2032996200
2011-07-04,1996.255,2035.745,1996.255,2033.855,2850154400
2011-07-05,2034.812,2040.086,2018.53,2029.623,2408842800
2011-07-06,2025.397,2025.397,1997.99,2017.172,2234395200
2011-07-07,2030.038,2038.118,2005.438,2006.141,2759506200
2011-07-08,2010.516,2026.107,2002.249,2014.733,1956902600
2011-07-11,2006.067,2015.501,1996.023,2010.689,1570092200
2011-07-12,1994.937,1994.937,1966.466,1968.076,1962480000
2011-07-13,1973.076,2003.811,1973.076,1998.413,2024331200
2011-07-14,2002.463,2012.385,1992.821,2005.752,2235014000
2011-07-15,1998.585,2014.247,1992.203,2012.032,2077234800
2011-07-18,2013.463,2014.707,1996.776,2002.826,1923445000
2011-07-19,1994.376,1997.518,1983.957,1988.297,1893454200
2011-07-20,1999.838,2002.202,1974.371,1983.668,1585721100
2011-07-21,1984.752,1989.418,1959.853,1961.302,1630229300
2011-07-22,1966.118,1974.49,1959.757,1964.828,1287331900
2011-07-25,1954.315,1955.191,1904.445,1909.813,2448068600
2011-07-26,1909.334,1919.614,1904.561,1914.154,1406692900
2011-07-27,1905.038,1920.32,1899.2,1918.787,1716459600
2011-07-28,1902.932,1906.669,1886.898,1900.219,1716958400
2011-07-29,1901.947,1926.195,1885.625,1908.213,1846980200
2011-08-01,1905.904,1919.884,1898.368,1909.952,1216563400
2011-08-02,1897.201,1897.201,1874.556,1894.323,1252935100
2011-08-03,1879.822,1901.713,1877.491,1893.003,1267786600
2011-08-04,1898.45,1911.508,1890.906,1895.43,1003075200
2011-08-05,1849.905,1863.63,1841.013,1850.143,1822896000
2011-08-08,1832.662,1848.511,1769.99,1794.431,2864238600
2011-08-09,1752.738,1810.858,1741.099,1801.822,2897620000
2011-08-10,1832.091,1837.416,1810.45,1814.667,2227599600
2011-08-11,1789.962,1843.139,1789.234,1840.289,2098110000
2011-08-12,1848.127,1849.998,1833.892,1838.159,1687013800
2011-08-15,1842.125,1872.791,1831.98,1872.389,1881871600
2011-08-16,1872.997,1886.235,1856.975,1862.892,1820504000
2011-08-17,1863.168,1873.347,1855.277,1858.303,1283983100
2011-08-18,1861.287,1863.294,1822.194,1824.857,1376173600
2011-08-19,1798.806,1811.871,1792.457,1806.283,1676631800
2011-08-22,1808.061,1820.518,1782.973,1790.136,1238736900
2011-08-23,1797.195,1821.442,1788.082,1821.192,1268040500
2011-08-24,1828.042,1832.239,1802.451,1806.79,1293248100
2011-08-25,1813.092,1878.676,1811.358,1878.479,3310051800
2011-08-26,1867.319,1879.609,1858.334,1876.334,1799911600
2011-08-29,1856.744,1856.744,1833.607,1836.877,1771379600
2011-08-30,1850.99,1871.642,1831.435,1835.072,1673118600
2011-08-31,1836.976,1847.579,1826.709,1841.539,1200385500
2011-09-01,1845.465,1859.823,1834.701,1840.371,1187616300
2011-09-02,1836.205,1841.749,1811.267,1820.676,1140402700
2011-09-05,1805.885,1805.885,1783.953,1786.465,1283951500
2011-09-06,1776.81,1789.032,1770.371,1779.518,1208363500
2011-09-07,1787.093,1816.149,1781.791,1813.864,1264162900
2011-09-08,1820.113,1820.415,1798.992,1799.784,888349300
2011-09-09,1809.512,1827.474,1791.896,1800.934,1103868000
2011-09-13,1775.216,1787.729,1768.882,1783.181,1098408100
2011-09-14,1789.873,1792.993,1753.558,1787.115,1246557700
2011-09-15,1787.093,1799.108,1779.322,1779.684,1265052600
2011-09-16,1790.308,1798.015,1778.846,1784.934,1059814400
2011-09-19,1772.293,1772.293,1749.216,1749.705,1117348800
2011-09-20,1748.198,1766.061,1740.912,1757.641,960373400
2011-09-21,1758.735,1814.55,1749.381,1808.37,2056662800
2011-09-22,1790.698,1797.337,1749.685,1750.611,1738453600
2011-09-23,1726.315,1748.263,1714.207,1740.322,1719288400
2011-09-26,1724.034,1743.787,1684.84,1689.931,1603180000
2011-09-27,1707.996,1721.158,1697.271,1710.987,1316651500
2011-09-28,1722.611,1725.973,1690.845,1695.837,1216743400
2011-09-29,1684.822,1703.828,1679.202,1689.538,1353289600
2011-09-30,1693.463,1702.781,1678.424,1684.497,1348679000
2011-10-10,1688.411,1693.156,1666.102,1669.348,1144892200
2011-10-11,1720.147,1726.43,1659.726,1675.42,1911480400
2011-10-12,1666.804,1739.317,1657.346,1737.358,2728361800
2011-10-13,1732.072,1751.286,1726.784,1746.935,2110185200
2011-10-14,1741.886,1749.015,1726.592,1745.214,1348183200
2011-10-17,1748.079,1770.261,1744.134,1757.056,1399503800
2011-10-18,1742.094,1746.973,1705.919,1709.283,1543324300
2011-10-19,1715.15,1729.229,1706.558,1708.946,1201961400
2011-10-20,1698.779,1702.738,1660.894,1674.027,1535419100
2011-10-21,1675.782,1691.974,1670.215,1676.097,1241151900
2011-10-24,1683.71,1732.733,1677.725,1729.033,2114741200
2011-10-25,1726.155,1758.253,1714.41,1751.677,2239528400
2011-10-26,1744.345,1784.972,1742.514,1765.628,2696418800
2011-10-27,1770.376,1779.518,1765.0,1774.506,1711243200
2011-10-28,1800.865,1827.02,1796.747,1807.056,2993999200
2011-10-31,1802.841,1804.653,1783.871,1792.051,1744973800
2011-11-01,1777.463,1817.009,1774.662,1795.392,1911651400
2011-11-02,1769.672,1826.504,1767.073,1825.453,2248014000
2011-11-03,1831.137,1842.768,1817.845,1819.042,2700607200
2011-11-04,1837.834,1843.95,1823.573,1831.755,2062164000
2011-11-07,1822.938,1831.179,1807.601,1809.798,1476236400
2011-11-08,1815.865,1824.778,1806.229,1808.609,1654132600
2011-11-09,1816.962,1827.775,1799.314,1821.756,1569856900
2011-11-10,1801.063,1806.331,1781.153,1781.911,1743039000
2011-11-11,1785.552,1792.467,1773.249,1779.514,1170822100
2011-11-14,1795.812,1820.176,1792.323,1816.057,1553563700
2011-11-15,1812.984,1816.786,1801.091,1808.176,1282197600
2011-11-16,1807.197,1807.782,1746.771,1755.415,1874414000
2011-11-17,1757.486,1763.615,1746.847,1748.447,1104541700
2011-11-18,1735.994,1743.972,1716.698,1720.764,1316727000
2011-11-21,1722.906,1725.425,1706.578,1721.386,937758200
2011-11-22,1710.985,1724.398,1705.203,1722.234,938545700
2011-11-23,1724.363,1726.665,1697.156,1701.065,995515700
2011-11-24,1688.783,1716.053,1685.902,1704.691,966578700
2011-11-25,1701.686,1709.078,1686.995,1691.671,742362700
2011-11-28,1698.297,1707.17,1689.059,1693.668,788840400
2011-11-29,1708.183,1717.554,1699.173,1716.095,975491000
2011-11-30,1709.35,1712.696,1657.631,1662.748,1443332400
2011-12-01,1717.715,1745.928,1708.116,1713.048,2700735600
2011-12-02,1705.305,1711.497,1692.42,1704.457,1126423800
2011-12-05,1708.957,1711.912,1688.554,1694.496,1243851400
2011-12-06,1690.464,1697.606,1681.592,1689.01,977004400
2011-12-07,1691.436,1706.947,1687.761,1702.454,894866300
2011-12-08,1701.285,1716.267,1684.762,1701.68,966859700
2011-12-09,1690.053,1702.817,1687.849,1692.061,805870000
2011-12-12,1689.722,1692.534,1677.487,1678.698,764706000
2011-12-13,1671.84,1676.697,1643.898,1645.815,1330657700
2011-12-14,1643.017,1654.884,1633.559,1637.009,881306000
2011-12-15,1626.69,1632.754,1598.379,1599.012,1253511800
2011-12-16,1598.07,1629.971,1594.287,1628.999,1326199700
2011-12-19,1615.953,1627.465,1584.304,1625.257,1382048800
2011-12-20,1619.802,1646.732,1617.278,1624.445,1210864900
2011-12-21,1637.365,1643.844,1602.501,1604.251,1190453600
2011-12-22,1597.305,1618.704,1584.15,1608.238,1426773900
2011-12-23,1606.294,1632.54,1602.881,1617.944,1134057000
2011-12-26,1608.525,1621.935,1600.501,1601.467,996668700
2011-12-27,1599.408,1613.956,1589.094,1590.995,956904900
2011-12-28,1586.224,1596.695,1571.513,1594.835,1207800600
2011-12-29,1588.037,1604.198,1586.144,1596.587,1047470500
2011-12-30,1602.316,1620.395,1602.316,1617.613,1312220200
2012-01-04,1628.168,1631.255,1594.421,1595.12,1282270500
2012-01-05,1591.237,1622.837,1590.537,1596.593,1807836400
2012-01-06,1595.731,1609.207,1588.598,1608.358,1386997300
2012-01-09,1608.491,1659.582,1598.39,1659.054,2162758000
2012-01-10,1658.198,1707.597,1655.304,1704.744,2851741600
2012-01-11,1703.654,1709.887,1686.644,1694.264,1843090600
2012-01-12,1690.392,1717.802,1688.18,1701.452,1776637200
2012-01-13,1703.386,1710.489,1671.291,1685.913,1753105000
2012-01-16,1676.143,1689.839,1661.381,1661.994,1161761500
2012-01-17,1664.485,1736.958,1649.039,1736.606,2566297600
2012-01-18,1736.289,1750.109,1709.786,1714.699,2195571600
2012-01-19,1717.14,1757.249,1713.95,1750.521,2180860000
2012-01-20,1756.779,1779.0,1748.665,1775.091,2221160000
2012-01-30,1778.135,1778.135,1742.278,1742.818,1888477400
2012-01-31,1744.216,1754.766,1734.046,1744.708,1303209300
2012-02-01,1739.638,1751.558,1709.536,1713.684,1352627000
2012-02-02,1719.999,1761.941,1714.246,1761.941,1749514000
2012-02-03,1756.147,1780.222,1750.365,1772.192,1901362400
2012-02-06,1775.436,1781.888,1753.434,1764.818,1666306300
2012-02-07,1753.384,1756.304,1721.852,1732.024,1493852900
2012-02-08,1731.99,1786.198,1729.543,1782.059,2211450000
2012-02-09,1781.154,1789.078,1771.086,1778.097,1964119600
2012-02-10,1772.188,1800.034,1770.805,1778.317,2348225600
2012-02-13,1757.02,1786.477,1751.066,1768.539,1755792400
2012-02-14,1765.87,1767.768,1747.83,1758.984,1277551300
2012-02-15,1753.784,1784.237,1751.112,1773.169,1822443600
2012-02-16,1770.399,1776.924,1751.357,1761.877,1718172800
2012-02-17,1774.189,1778.627,1756.953,1765.652,1235148000
2012-02-20,1790.39,1792.506,1768.063,1769.412,1815601600
2012-02-21,1772.247,1780.559,1756.41,1779.94,1353279300
2012-02-22,1781.982,1798.007,1772.428,1795.26,2408352000
2012-02-23,1794.348,1805.671,1791.187,1799.644,2341844800
2012-02-24,1801.39,1827.039,1797.048,1826.716,3200157600
2012-02-27,1833.444,1851.357,1828.038,1828.408,3591972800
2012-02-28,1826.898,1843.958,1826.098,1839.055,2568752800
2012-02-29,1835.773,1841.565,1819.826,1822.769,2052745200
2012-03-01,1814.317,1827.66,1813.447,1818.279,1423742100
2012-03-02,1821.039,1844.077,1821.039,1843.848,2325154000
2012-03-05,1847.454,1850.252,1826.776,1827.938,2426254800
2012-03-06,1822.521,1824.352,1792.783,1794.264,2333394800
2012-03-07,1777.843,1793.728,1774.508,1776.363,1885313200
2012-03-08,1782.695,1804.909,1782.695,1798.1,1995471600
2012-03-09,1803.912,1811.938,1794.34,1811.486,1730970800
2012-03-12,1810.095,1810.59,1785.97,1796.937,2032876800
2012-03-13,1795.679,1814.132,1793.887,1813.201,1703528800
2012-03-14,1823.115,1831.856,1770.505,1776.407,3830446400
2012-03-15,1774.556,1783.136,1759.092,1760.476,2553367600
2012-03-16,1764.762,1781.209,1754.057,1780.076,1945933400
2012-03-19,1775.961,1781.077,1760.343,1778.981,2065259600
2012-03-20,1774.986,1775.94,1754.809,1755.725,2183244600
2012-03-21,1765.73,1775.228,1750.081,1758.624,2114353600
2012-03-22,1759.319,1770.415,1749.129,1760.335,1698532400
2012-03-23,1756.194,1760.253,1741.53,1747.916,1638124800
2012-03-26,1747.851,1754.803,1741.002,1749.888,1107033500
2012-03-27,1756.995,1760.75,1745.8,1749.185,1232553300
2012-03-28,1743.41,1746.404,1706.255,1708.853,1726663600
2012-03-29,1702.058,1709.712,1681.971,1688.09,1797997800
2012-03-30,1693.648,1706.008,1690.267,1705.633,1520740300
2012-04-05,1698.744,1739.444,1691.478,1735.283,2284275600
2012-04-06,1732.512,1739.888,1726.501,1737.512,1596262100
2012-04-09,1730.45,1735.057,1719.458,1721.426,1081941600
2012-04-10,1719.577,1737.241,1702.949,1736.24,1269050500
2012-04-11,1721.187,1748.298,1718.08,1734.594,1534702100
2012-04-12,1736.675,1771.924,1731.766,1770.947,2175109000
2012-04-13,1771.304,1785.453,1769.57,1777.068,1763160800
2012-04-16,1767.667,1778.516,1764.811,1770.679,1275889200
2012-04-17,1769.463,1773.547,1748.765,1749.4,1210386800
2012-04-18,1754.76,1791.228,1752.374,1789.627,2161754800
2012-04-19,1788.746,1797.408,1784.519,1791.382,1674210400
2012-04-20,1788.016,1816.364,1786.633,1815.882,2308990200
2012-04-23,1812.933,1819.785,1796.101,1799.907,1903418000
2012-04-24,1795.802,1832.84,1784.257,1808.859,2713560400
2012-04-25,1805.498,1823.652,1802.381,1819.217,2176907600
2012-04-26,1825.041,1829.718,1813.499,1822.206,1830416600
2012-04-27,1823.366,1831.552,1820.95,1822.542,1591620100
2012-05-02,1846.864,1874.101,1836.271,1862.755,3075065000
2012-05-03,1860.536,1868.413,1854.582,1864.295,1972814400
2012-05-04,1862.311,1877.425,1852.618,1876.658,2234413200
2012-05-07,1864.382,1871.391,1852.461,1866.619,2396388400
2012-05-08,1865.858,1866.441,1844.967,1862.401,2369931200
2012-05-09,1846.72,1847.772,1828.731,1830.132,2083435200
2012-05-10,1829.752,1835.282,1822.482,1829.607,1850838800
2012-05-11,1826.036,1834.588,1814.866,1815.732,1479774100
2012-05-14,1827.51,1829.482,1798.291,1800.503,1975773000
2012-05-15,1790.717,1802.096,1786.576,1801.064,1557058400
2012-05-16,1796.127,1797.587,1772.728,1774.243,1697677800
2012-05-17,1776.72,1805.69,1772.019,1801.11,1572910200
2012-05-18,1788.264,1790.921,1771.279,1775.572,1549693300
2012-05-21,1775.287,1795.958,1771.282,1784.943,1400175600
2012-05-22,1792.752,1811.515,1791.025,1810.411,1566367900
2012-05-23,1806.791,1815.962,1791.61,1801.466,1562665800
2012-05-24,1800.275,1812.568,1784.939,1789.434,1414697700
2012-05-25,1790.45,1795.203,1770.829,1776.376,1297055800
2012-05-28,1771.693,1801.371,1763.692,1800.913,1804054600
2012-05-29,1800.683,1827.627,1797.641,1824.429,2221575600
2012-05-30,1821.654,1825.148,1813.437,1818.385,1568708900
2012-05-31,1803.241,1813.363,1798.439,1804.593,1256311100
2012-06-01,1806.479,1820.167,1803.066,1808.527,1493402500
2012-06-04,1790.693,1791.608,1760.069,1760.955,1892674800
2012-06-05,1765.672,1772.383,1755.529,1763.7,1284482600
2012-06-06,1768.017,1776.584,1762.465,1768.575,1335594900
2012-06-07,1780.198,1782.693,1754.179,1757.766,1205135600
2012-06-08,1766.052,1766.052,1736.083,1738.587,1772149000
2012-06-11,1741.185,1762.714,1737.559,1756.031,1460195400
2012-06-12,1746.588,1753.131,1734.806,1745.454,1468567400
2012-06-13,1750.515,1772.57,1744.267,1771.422,1493448600
2012-06-14,1764.888,1769.955,1754.281,1756.301,1253250200
2012-06-15,1760.998,1775.573,1750.388,1769.492,1592889400
2012-06-18,1778.092,1785.775,1770.563,1776.244,1163989300
2012-06-19,1774.267,1775.846,1763.777,1764.881,1105539300
2012-06-20,1767.054,1775.338,1761.423,1763.631,1003667700
2012-06-21,1760.411,1760.411,1730.209,1735.336,1318893800
2012-06-25,1729.099,1729.46,1702.714,1704.567,1571327000
2012-06-26,1692.485,1708.414,1689.991,1700.499,1128920600
2012-06-27,1698.859,1708.827,1692.045,1695.031,978088100
2012-06-28,1697.4,1702.373,1680.444,1681.384,979935100
2012-06-29,1677.381,1710.45,1675.517,1708.856,1373390100
2012-07-02,1715.957,1716.153,1697.338,1706.168,1417870600
2012-07-03,1705.822,1723.068,1699.305,1710.412,1278719700
2012-07-04,1715.338,1721.18,1706.478,1712.937,1091045400
2012-07-05,1702.626,1703.609,1686.191,1695.356,1149372900
2012-07-06,1692.289,1715.988,1681.039,1711.579,1771329200
2012-07-09,1699.414,1708.194,1666.214,1668.022,1727471800
2012-07-10,1666.223,1679.407,1661.287,1664.424,1190551200
2012-07-11,1661.143,1674.976,1658.793,1672.252,1169016900
2012-07-12,1668.908,1690.422,1651.252,1680.05,2053150000
2012-07-13,1674.051,1698.389,1672.873,1685.019,1174366600
2012-07-16,1688.775,1688.775,1656.83,1657.623,1287997100
2012-07-17,1653.74,1676.747,1653.02,1669.706,1019261800
2012-07-18,1669.778,1673.538,1642.122,1665.865,1182061000
2012-07-19,1660.557,1687.454,1656.743,1674.268,1567235200
2012-07-20,1669.587,1673.136,1653.441,1658.3,1241173200
2012-07-23,1646.758,1646.758,1624.327,1629.065,1127561600
2012-07-24,1621.3,1644.454,1620.931,1632.952,1114986300
2012-07-25,1628.635,1639.941,1626.044,1627.959,815093800
2012-07-26,1628.718,1640.974,1622.553,1624.464,1065016300
2012-07-27,1630.281,1642.069,1625.026,1630.31,1222071600
2012-07-30,1633.479,1645.333,1622.688,1625.636,1207381800
2012-07-31,1628.017,1643.574,1627.863,1631.885,1319049000
2012-08-01,1633.384,1651.973,1632.94,1645.616,1198844000
2012-08-02,1641.832,1645.964,1627.549,1634.553,1119697500
2012-08-03,1637.808,1642.17,1628.482,1641.599,1011026400
2012-08-06,1639.757,1661.2,1638.1,1658.371,1421829000
2012-08-07,1657.163,1662.493,1653.015,1657.911,1355537400
2012-08-08,1659.47,1671.489,1657.285,1662.768,1233364700
2012-08-09,1662.063,1673.085,1652.979,1671.954,1119115400
2012-08-10,1670.576,1675.52,1663.607,1665.175,1225328200
2012-08-13,1661.599,1661.599,1630.205,1632.001,1593193800
2012-08-14,1633.077,1636.188,1616.375,1633.143,1311136700
2012-08-15,1628.572,1630.415,1609.168,1610.413,975790700
2012-08-16,1608.94,1614.014,1603.957,1605.276,757457800
2012-08-17,1604.711,1609.677,1595.242,1606.003,882257300
2012-08-20,1594.055,1599.465,1582.714,1596.195,922148800
2012-08-21,1596.521,1609.992,1592.037,1598.5,1176624200
2012-08-22,1600.108,1602.095,1583.404,1591.334,1028306000
2012-08-23,1593.217,1602.501,1585.782,1596.574,1208746300
2012-08-24,1594.819,1598.07,1586.293,1588.111,1120343100
2012-08-27,1583.914,1583.914,1556.528,1557.165,1436840400
2012-08-28,1558.169,1578.221,1555.441,1570.44,1337034600
2012-08-29,1565.278,1569.71,1553.544,1554.403,1208336100
2012-08-30,1542.238,1564.625,1542.238,1560.286,1360324900
2012-08-31,1556.008,1564.692,1549.896,1551.199,1018033900
2012-09-03,1547.767,1567.234,1545.601,1560.08,1521699600
2012-09-04,1566.23,1567.496,1543.56,1548.042,1328152800
2012-09-05,1544.47,1548.342,1531.106,1537.531,1424044000
2012-09-06,1540.347,1551.574,1535.971,1550.971,1300958000
2012-09-07,1561.359,1634.693,1561.359,1619.213,3746538400
2012-09-10,1620.36,1628.643,1612.572,1620.027,2239031600
2012-09-11,1613.245,1613.245,1593.362,1605.073,1569433700
2012-09-12,1615.133,1623.892,1595.533,1607.989,1542678700
2012-09-13,1605.773,1611.076,1597.012,1597.16,1260758000
2012-09-14,1616.007,1625.996,1604.173,1614.7,2082756800
2012-09-17,1612.55,1615.215,1581.296,1582.095,1635811900
2012-09-18,1574.295,1576.956,1560.71,1564.982,1137189200
2012-09-19,1565.236,1571.683,1558.043,1569.069,1234604500
2012-09-20,1562.769,1562.769,1539.221,1540.956,1537660300
2012-09-21,1537.116,1557.255,1535.61,1545.964,1413016100
2012-09-24,1534.649,1560.238,1528.579,1553.973,1387590000
2012-09-25,1550.178,1560.985,1547.58,1553.701,1033634100
2012-09-26,1551.426,1557.154,1536.957,1541.14,914601400
2012-09-27,1541.55,1600.04,1541.185,1587.956,2008860000
2012-09-28,1576.274,1616.384,1575.183,1613.092,2218884000
2012-10-08,1611.638,1623.086,1588.002,1596.144,1199507000
2012-10-09,1605.172,1635.461,1605.172,1627.657,1852327400
2012-10-10,1623.283,1627.383,1614.634,1625.328,1182243800
2012-10-11,1619.834,1624.714,1609.892,1615.747,1300358200
2012-10-12,1621.826,1636.412,1608.228,1618.659,1311677600
2012-10-15,1620.048,1622.43,1603.275,1612.955,933900400
2012-10-16,1611.264,1624.476,1606.906,1614.138,1025692600
2012-10-17,1619.622,1624.299,1603.346,1617.664,1141878000
2012-10-18,1621.054,1643.479,1619.615,1639.667,1655287200
2012-10-19,1637.915,1643.22,1635.1,1637.765,1115123400
2012-10-22,1628.185,1648.079,1625.239,1643.342,1154293900
2012-10-23,1642.835,1646.367,1624.221,1625.81,1246707900
2012-10-24,1619.95,1631.773,1618.753,1623.641,1146366600
2012-10-25,1622.793,1632.42,1611.113,1612.947,1371240200
2012-10-26,1614.417,1616.353,1577.72,1584.697,1399906500
2012-10-29,1581.232,1583.684,1566.95,1571.525,1018482900
2012-10-30,1572.547,1586.681,1568.459,1576.321,1347298600
2012-10-31,1578.468,1588.725,1573.187,1587.052,1387846800
2012-11-01,1589.298,1625.779,1589.137,1617.732,1924988000
2012-11-02,1617.323,1628.832,1609.384,1626.607,1525600400
2012-11-05,1623.757,1634.794,1615.376,1624.709,1609307200
2012-11-06,1625.41,1627.154,1597.75,1619.739,1309367700
2012-11-07,1617.211,1626.208,1608.793,1617.834,1323733500
2012-11-08,1604.95,1609.686,1590.913,1591.615,1278845100
2012-11-09,1589.523,1598.707,1587.789,1591.852,1192967000
2012-11-12,1592.856,1601.291,1587.172,1600.878,1388828900
2012-11-13,1600.3,1600.3,1571.627,1575.259,1239395500
2012-11-14,1575.834,1585.691,1571.552,1581.946,1001001300
2012-11-15,1573.59,1579.639,1563.282,1563.698,1051920200
2012-11-16,1560.815,1562.556,1542.532,1551.558,1147437700
2012-11-19,1550.248,1551.585,1533.513,1550.891,1059489800
2012-11-20,1554.808,1557.085,1539.378,1540.488,817830900
2012-11-21,1539.892,1563.804,1534.321,1562.974,1008724400
2012-11-22,1553.972,1557.222,1547.635,1554.754,722037900
2012-11-23,1559.713,1574.484,1555.157,1568.753,1141798700
2012-11-26,1565.644,1569.359,1557.748,1563.198,856092300
2012-11-27,1559.461,1563.835,1551.56,1552.92,1161965600
2012-11-28,1547.246,1549.345,1538.773,1542.074,1160897700
2012-11-29,1541.841,1549.163,1530.572,1532.921,1142642300
2012-11-30,1531.598,1550.111,1529.033,1547.759,1276458600
2012-12-03,1544.589,1557.652,1531.584,1532.176,1594270900
2012-12-04,1529.333,1550.273,1528.28,1545.954,1342275800
2012-12-05,1544.57,1608.112,1543.262,1601.736,3508355600
2012-12-06,1599.528,1608.437,1590.039,1600.415,1939737200
2012-12-07,1602.297,1637.544,1599.669,1634.919,3180962600
2012-12-10,1642.078,1659.269,1640.562,1653.284,3040222800
2012-12-11,1648.063,1657.647,1642.941,1645.009,2003930200
2012-12-12,1645.627,1659.662,1642.792,1657.128,2013134400
2012-12-13,1651.668,1654.785,1634.634,1635.626,1646102900
2012-12-14,1637.611,1728.822,1637.611,1728.061,4774830400
2012-12-17,1732.902,1750.1,1732.64,1738.852,3822778000
2012-12-18,1734.95,1768.368,1725.564,1744.854,3470347200
2012-12-19,1740.277,1759.72,1736.468,1744.018,2501654800
2012-12-20,1735.798,1757.801,1725.852,1751.936,2579883400
2012-12-21,1753.248,1769.77,1732.987,1737.989,2533704800
2012-12-24,1733.406,1759.674,1731.843,1746.438,1910902000
2012-12-25,1739.741,1808.343,1734.599,1798.882,3639907200
2012-12-26,1796.605,1806.085,1792.855,1800.564,2551238600
2012-12-27,1805.828,1816.904,1785.863,1786.779,2496554800
2012-12-28,1789.689,1819.651,1789.422,1817.852,2628555200
2012-12-31,1821.98,1858.32,1821.98,1857.68,3288098800
2013-01-04,1885.964,1899.88,1849.779,1870.5,3920564800
2013-01-07,1865.058,1892.13,1857.276,1880.262,2852950000
2013-01-08,1879.848,1883.142,1846.29,1857.688,2534855200
2013-01-09,1851.607,1861.374,1839.011,1855.342,2510211200
2013-01-10,1854.987,1875.581,1843.345,1855.487,2512934400
2013-01-11,1857.765,1863.27,1810.836,1818.984,2643782400
2013-01-14,1811.315,1900.41,1811.066,1893.1,3586175200
2013-01-15,1892.506,1907.652,1889.686,1900.051,3265932800
2013-01-16,1895.231,1898.234,1851.33,1877.0,3164398800
2013-01-17,1871.639,1872.149,1844.452,1854.936,2330184400
2013-01-18,1867.763,1897.607,1854.656,1886.794,2562917000
2013-01-21,1890.85,1899.002,1871.67,1898.438,3142856200
2013-01-22,1895.004,1917.459,1878.45,1898.502,4129088800
2013-01-23,1890.693,1911.196,1885.268,1910.135,2870868000
2013-01-24,1909.92,1961.979,1885.459,1900.176,4636251600
2013-01-25,1898.281,1905.38,1881.131,1886.454,2180922400
2013-01-28,1890.885,1958.196,1890.885,1957.395,4001194000
2013-01-29,1959.798,1993.195,1950.483,1982.623,4198398800
2013-01-30,1984.916,1991.659,1969.775,1989.315,4025677200
2013-01-31,1992.479,2000.649,1976.703,1993.252,3791741600
2013-02-01,1984.965,2058.052,1979.099,2055.724,4393958000
2013-02-04,2068.022,2087.931,2050.688,2065.394,5508981600
2013-02-05,2044.162,2076.932,2035.369,2068.952,5045680000
2013-02-06,2069.341,2088.446,2063.988,2078.494,3520212800
2013-02-07,2074.48,2077.484,2014.752,2048.575,4349646400
2013-02-08,2044.141,2061.012,2022.892,2042.422,3442460800
2013-02-18,2051.922,2055.411,2013.217,2014.577,3295872000
2013-02-19,2011.386,2018.906,1971.428,1981.074,3131288400
2013-02-20,1982.434,1984.325,1948.699,1978.303,2939731200
2013-02-21,1955.167,1955.167,1876.324,1897.896,4490004000
2013-02-22,1895.429,1902.661,1878.342,1883.475,2556522000
2013-02-25,1893.442,1912.032,1879.841,1890.765,2227133600
2013-02-26,1874.047,1916.764,1863.011,1865.129,3688458000
2013-02-27,1871.435,1907.203,1869.511,1889.476,2866730800
2013-02-28,1906.125,1957.488,1886.741,1956.606,3961108800
2013-03-01,1955.728,1963.597,1911.657,1944.423,3248281400
2013-03-04,1904.43,1904.951,1828.549,1841.624,4813350000
2013-03-05,1844.287,1917.181,1843.159,1916.709,4024232000
2013-03-06,1925.519,1943.926,1907.623,1933.699,3614474400
2013-03-07,1922.929,1937.946,1881.669,1902.374,3246190400
2013-03-08,1906.355,1917.049,1889.377,1901.481,2385834800
2013-03-11,1895.046,1899.309,1867.366,1879.818,1938632800
2013-03-12,1878.536,1900.357,1837.83,1854.618,2837510200
2013-03-13,1853.016,1860.06,1827.646,1835.612,2194698000
2013-03-14,1830.713,1850.43,1824.131,1838.358,2072084800
2013-03-15,1835.61,1894.248,1815.366,1841.32,3832547200
2013-03-18,1829.393,1841.906,1809.439,1811.239,2592728400
2013-03-19,1813.322,1836.033,1805.557,1830.959,2190141600
2013-03-20,1833.358,1905.895,1833.358,1905.765,4086617600
2013-03-21,1906.848,1912.961,1890.54,1902.295,2651912400
2013-03-22,1900.149,1913.266,1893.169,1904.462,2003806400
2013-03-25,1913.791,1927.371,1898.27,1901.932,2362514800
2013-03-26,1891.314,1894.661,1852.156,1861.259,2840664000
2013-03-27,1863.515,1891.276,1854.822,1868.44,2394241000
2013-03-28,1816.85,1816.85,1782.235,1791.643,4497912800
2013-03-29,1791.572,1797.376,1774.924,1793.194,2579378000
2013-04-01,1781.793,1796.293,1779.1,1784.071,1772571800
2013-04-02,1785.568,1805.739,1771.37,1783.217,2204660400
2013-04-03,1787.981,1805.007,1782.785,1789.666,1875024000
2013-04-08,1755.763,1775.338,1747.66,1773.103,1958265400
2013-04-09,1776.828,1800.57,1776.828,1788.633,1977779400
2013-04-10,1787.74,1794.221,1775.611,1787.928,1721520000
2013-04-11,1802.507,1808.285,1782.897,1784.128,1619332600
2013-04-12,1783.091,1794.335,1773.5,1774.505,1435489500
2013-04-15,1768.206,1777.135,1754.7,1759.802,1743301600
2013-04-16,1746.314,1774.071,1739.218,1772.643,2237994400
2013-04-17,1769.811,1774.493,1747.413,1761.617,1651113500
2013-04-18,1745.942,1772.611,1740.26,1768.15,1753774400
2013-04-19,1772.641,1836.611,1771.5,1827.983,3305717000
2013-04-22,1820.027,1830.994,1814.867,1823.947,2162122800
2013-04-23,1828.09,1828.09,1759.415,1760.677,2322778800
2013-04-24,1764.029,1809.126,1755.439,1793.885,2239229200
2013-04-25,1786.862,1800.561,1762.172,1778.294,2058464400
2013-04-26,1786.638,1793.946,1760.223,1766.037,1671403300
2013-05-02,1758.379,1766.141,1745.571,1763.05,1792622200
2013-05-03,1770.686,1821.379,1770.322,1795.489,2456165200
2013-05-06,1804.889,1826.192,1801.364,1816.598,2199726600
2013-05-07,1812.033,1824.511,1800.268,1817.925,1938204200
2013-05-08,1826.432,1842.126,1814.956,1824.377,2114642000
2013-05-09,1825.384,1826.969,1794.421,1807.862,1944205200
2013-05-10,1804.175,1823.471,1798.986,1819.117,1632228400
2013-05-13,1819.556,1823.036,1800.306,1810.724,1736063800
2013-05-14,1806.175,1807.035,1776.695,1785.575,1831264200
2013-05-15,1787.836,1795.38,1781.219,1789.431,1243394600
2013-05-16,1785.709,1822.674,1770.406,1821.453,2440490400
2013-05-17,1819.516,1849.875,1810.316,1843.809,2756330000
2013-05-20,1848.324,1877.27,1841.415,1861.252,2965570800
2013-05-21,1858.141,1863.026,1840.2,1851.084,1978147200
2013-05-22,1850.747,1862.734,1847.466,1858.198,1913382800
2013-05-23,1849.256,1855.027,1822.374,1823.737,2047173600
2013-05-24,1831.716,1842.863,1814.569,1829.141,1619764400
2013-05-27,1825.225,1838.85,1821.157,1827.263,1787880800
2013-05-28,1827.604,1870.251,1821.239,1870.094,3070059600
2013-05-29,1873.085,1882.751,1860.402,1861.702,2600340400
2013-05-30,1855.758,1866.896,1848.555,1855.456,2055181000
2013-05-31,1859.238,1865.552,1839.348,1841.366,1744705600
2013-06-03,1840.4,1854.38,1833.842,1838.64,1708802000
2013-06-04,1837.637,1837.637,1815.686,1819.503,1849295000
2013-06-05,1818.811,1820.118,1799.744,1806.821,1381532200
2013-06-06,1801.491,1803.814,1782.478,1784.702,1497873300
2013-06-07,1783.856,1793.129,1755.599,1760.224,1988684000
2013-06-13,1733.142,1733.142,1679.664,1700.802,2537067200
2013-06-14,1703.08,1706.964,1692.312,1704.147,1827829800
2013-06-17,1709.478,1712.939,1689.492,1692.476,1464507300
2013-06-18,1701.23,1711.055,1690.117,1704.222,1400800100
2013-06-19,1697.599,1697.599,1668.07,1687.613,1587833900
2013-06-20,1677.931,1677.931,1629.753,1631.554,1864144800
2013-06-21,1606.971,1645.929,1598.468,1633.164,2118709000
2013-06-24,1625.445,1625.445,1524.28,1525.166,3327422000
2013-06-25,1508.515,1529.376,1422.984,1526.803,4051710800
2013-06-26,1529.052,1529.052,1487.309,1509.682,2854515200
2013-06-27,1511.491,1530.156,1498.277,1512.204,2649866000
2013-06-28,1504.426,1562.387,1497.437,1552.383,3111516000
2013-07-01,1539.778,1551.115,1520.697,1549.374,2065095000
2013-07-02,1546.854,1551.269,1519.441,1541.341,2216232200
2013-07-03,1530.659,1530.659,1501.083,1522.911,2290312000
2013-07-04,1511.516,1550.081,1503.454,1535.321,2366168000
2013-07-05,1538.389,1556.592,1535.714,1542.049,2056604800
2013-07-08,1518.876,1528.965,1502.236,1506.727,1932146000
2013-07-09,1505.91,1513.334,1497.505,1505.299,1561524100
2013-07-10,1505.706,1547.315,1500.774,1546.743,2356141200
2013-07-11,1555.283,1653.587,1555.283,1635.66,5367500800
2013-07-12,1626.549,1634.345,1585.507,1587.589,3433176000
2013-07-15,1599.035,1631.99,1582.83,1604.662,2800125200
2013-07-16,1597.331,1606.742,1579.448,1606.341,2124440800
2013-07-17,1602.484,1612.571,1581.739,1582.141,2229715600
2013-07-18,1575.667,1583.305,1547.091,1549.348,2054031200
2013-07-19,1551.295,1557.703,1508.275,1511.4,2413940000
2013-07-22,1493.987,1515.154,1485.06,1514.052,1973065600
2013-07-23,1520.582,1569.735,1514.211,1555.837,2684214800
2013-07-24,1541.928,1550.853,1512.973,1532.353,2208138800
2013-07-25,1537.73,1548.197,1522.228,1529.299,1874865400
2013-07-26,1521.594,1529.103,1512.61,1521.612,1309346200
2013-07-29,1505.679,1505.679,1478.196,1484.21,1889147600
2013-07-30,1490.823,1524.426,1483.571,1500.938,1885554400
2013-07-31,1518.827,1535.847,1499.548,1504.167,1587620300
2013-08-01,1513.802,1541.159,1508.805,1537.81,2012716000
2013-08-02,1550.887,1558.829,1533.941,1536.505,1810710400
2013-08-05,1540.488,1554.287,1533.0,1554.188,1532522700
2013-08-06,1547.61,1564.485,1533.243,1556.297,1947581600
2013-08-07,1554.882,1575.692,1548.491,1551.155,2155289200
2013-08-08,1548.412,1561.338,1538.612,1544.624,1508555200
2013-08-09,1554.755,1562.253,1533.222,1553.044,2172050800
2013-08-12,1560.163,1610.812,1557.563,1610.265,3680635200
2013-08-13,1610.791,1621.888,1602.931,1619.743,2635371400
2013-08-14,1622.209,1643.0,1605.283,1610.218,2369756200
2013-08-15,1608.621,1624.335,1593.689,1595.152,1952046800
2013-08-16,1590.915,1711.432,1573.72,1592.794,5275540000
2013-08-19,1576.57,1617.335,1574.023,1608.865,2677363800
2013-08-20,1603.394,1628.683,1588.223,1594.54,2738604800
2013-08-21,1601.3,1602.945,1575.461,1588.081,1837062400
2013-08-22,1582.332,1606.349,1578.312,1582.618,1775503200
2013-08-23,1591.747,1595.944,1542.997,1566.293,2110677600
2013-08-26,1573.224,1604.254,1566.015,1601.379,2302602800
2013-08-27,1598.742,1609.064,1589.053,1602.002,1921516800
2013-08-28,1591.348,1603.955,1577.492,1592.869,2795586400
2013-08-29,1604.276,1607.02,1580.806,1588.153,2059722000
2013-08-30,1586.522,1599.872,1575.77,1589.777,2361524800
2013-09-02,1594.986,1601.144,1579.717,1591.934,2475917200
2013-09-03,1596.467,1615.126,1591.212,1614.537,2542037200
2013-09-04,1612.503,1620.151,1608.9,1613.537,2189436600
2013-09-05,1615.527,1616.696,1606.31,1609.604,1670893000
2013-09-06,1604.766,1630.295,1604.205,1625.854,2350710400
2013-09-09,1643.176,1720.033,1643.176,1713.385,6638102400
2013-09-10,1720.386,1738.35,1704.64,1737.581,6157833600
2013-09-11,1745.501,1765.943,1736.185,1741.318,5635468800
2013-09-12,1741.495,1798.962,1726.103,1772.664,6027064800
2013-09-13,1764.032,1776.496,1742.976,1749.244,3873732800
2013-09-16,1763.919,1765.47,1722.667,1738.248,4736661600
2013-09-17,1744.385,1748.708,1697.11,1698.629,4151418000
2013-09-18,1698.608,1710.475,1680.677,1700.587,2902642400
2013-09-23,1707.898,1716.091,1694.936,1713.084,2864825400
2013-09-24,1709.986,1710.108,1660.225,1673.558,3449546400
2013-09-25,1671.538,1687.133,1658.021,1661.607,2479263600
2013-09-26,1658.183,1658.183,1629.902,1632.695,2892238000
2013-09-27,1630.686,1641.009,1624.875,1639.152,1996541600
2013-09-30,1648.149,1653.237,1634.926,1643.055,1717054000
2013-10-08,1637.975,1664.21,1622.593,1659.713,2873614000
2013-10-09,1653.087,1673.041,1647.382,1668.476,2377765200
2013-10-10,1670.786,1671.102,1635.274,1637.933,2519728800
2013-10-11,1649.85,1672.017,1644.511,1669.268,2820166000
2013-10-14,1670.728,1671.514,1656.734,1662.168,2857565600
2013-10-15,1665.634,1666.97,1646.652,1656.259,2492118000
2013-10-16,1652.585,1652.585,1626.261,1634.223,2403668400
2013-10-17,1642.333,1647.239,1625.474,1627.177,1935584400
2013-10-18,1630.552,1647.769,1628.094,1636.8,1879275600
2013-10-21,1640.284,1659.566,1626.553,1657.583,2319049200
2013-10-22,1656.638,1656.638,1636.192,1640.066,2247644600
2013-10-23,1646.934,1669.999,1634.907,1638.499,2626610800
2013-10-24,1633.931,1640.624,1618.614,1621.605,2123207000
2013-10-25,1622.007,1635.84,1601.659,1611.519,2451471600
2013-10-28,1614.678,1616.983,1600.804,1610.686,1618887500
2013-10-29,1615.428,1655.928,1606.341,1633.721,3636820800
2013-10-30,1634.279,1654.393,1624.532,1653.417,2820064200
2013-10-31,1645.122,1645.122,1629.294,1631.047,2553654000
2013-11-01,1633.029,1650.528,1628.122,1644.752,2064178000
2013-11-04,1654.106,1659.757,1635.337,1638.512,1650443900
2013-11-05,1629.793,1637.441,1611.238,1633.662,1958425600
2013-11-06,1623.85,1630.831,1613.36,1614.214,1874947200
2013-11-07,1615.505,1619.372,1601.599,1610.584,1590901000
2013-11-08,1603.221,1613.41,1585.621,1587.44,1688198000
2013-11-11,1587.587,1596.467,1579.378,1591.139,1486765000
2013-11-12,1595.649,1611.542,1595.649,1610.777,1573497400
2013-11-13,1598.998,1599.192,1568.165,1569.245,2017126600
2013-11-14,1571.598,1574.58,1559.566,1572.729,1808942800
2013-11-15,1573.912,1622.848,1573.68,1604.823,2982386400
2013-11-18,1618.164,1676.868,1610.045,1675.159,4571072000
2013-11-19,1674.716,1675.88,1656.44,1659.53,2975057200
2013-11-20,1671.548,1676.463,1652.394,1663.759,2315943600
2013-11-21,1654.446,1654.446,1626.077,1648.086,2772275000
2013-11-22,1651.942,1655.647,1637.989,1642.496,2442465600
2013-11-25,1633.841,1659.33,1628.907,1633.782,2270731200
2013-11-26,1633.844,1641.378,1628.699,1630.94,1662768800
2013-11-27,1630.481,1657.779,1627.893,1648.789,2465412800
2013-11-28,1651.627,1680.819,1648.956,1664.625,2818300400
2013-11-29,1668.947,1671.441,1656.726,1661.409,1946335600
2013-12-02,1662.389,1695.632,1655.0,1678.867,4727674800
2013-12-03,1672.197,1686.356,1663.616,1681.509,2624594800
2013-12-04,1678.958,1709.575,1674.993,1699.176,3522377600
2013-12-05,1700.528,1703.128,1689.393,1692.38,2476064400
2013-12-06,1688.019,1692.086,1669.641,1675.255,2299745200
2013-12-09,1681.206,1687.529,1666.342,1669.872,1949270000
2013-12-10,1673.516,1679.451,1664.027,1670.553,1925156200
2013-12-11,1662.091,1662.248,1632.732,1639.182,2426478600
2013-12-12,1634.472,1641.973,1628.625,1631.914,1693933200
2013-12-13,1617.307,1631.56,1614.966,1626.41,1649595200
2013-12-16,1627.099,1631.088,1601.689,1602.455,1971217200
2013-12-17,1604.711,1607.426,1593.429,1597.265,1550867700
2013-12-18,1596.636,1606.638,1592.909,1598.678,1275789700
2013-12-19,1605.645,1609.07,1578.916,1580.113,1735139200
2013-12-20,1580.906,1583.411,1534.104,1537.413,2679794000
2013-12-23,1541.366,1553.558,1528.653,1541.265,1549020700
2013-12-24,1547.199,1557.231,1528.162,1539.599,1515066500
2013-12-25,1542.043,1547.865,1533.64,1547.359,1326352400
2013-12-26,1543.871,1543.871,1522.589,1524.883,1747730000
2013-12-27,1528.346,1559.817,1524.191,1550.221,1943872800
2013-12-30,1557.509,1560.111,1544.11,1547.919,1787598000
2013-12-31,1541.582,1578.245,1539.878,1574.781,2361629000
2014-01-02,1570.049,1570.049,1553.476,1561.099,1572548100
2014-01-03,1553.446,1554.516,1529.152,1536.067,2189922800
2014-01-06,1534.496,1534.496,1498.6,1512.93,2491819800
2014-01-07,1500.978,1515.639,1497.775,1510.654,1547408300
2014-01-08,1512.09,1527.887,1504.426,1515.333,1772188600
2014-01-09,1511.976,1525.725,1500.572,1503.881,1634130500
2014-01-10,1500.005,1506.781,1493.495,1498.268,1693272600
2014-01-13,1500.858,1510.316,1489.23,1494.613,1711106000
2014-01-14,1493.889,1505.457,1482.908,1499.285,1766276400
2014-01-15,1496.828,1498.898,1480.176,1488.509,1472035700
2014-01-16,1489.047,1504.43,1482.758,1493.094,1744088600
2014-01-17,1487.802,1489.605,1470.865,1475.671,1800564400
2014-01-20,1472.394,1476.885,1459.446,1464.842,1277569700
2014-01-21,1467.15,1488.714,1467.15,1478.884,1267746900
2014-01-22,1480.842,1514.787,1478.079,1514.121,2415884000
2014-01-23,1511.793,1514.967,1496.662,1499.031,1743047600
2014-01-24,1493.689,1514.107,1491.015,1502.065,1897613200
2014-01-27,1491.825,1491.825,1475.5,1478.865,1902341400
2014-01-28,1483.409,1492.427,1477.25,1487.803,1494576200
2014-01-29,1493.213,1498.575,1488.696,1494.49,1478746600
2014-01-30,1489.506,1489.721,1475.773,1477.345,1276934300
2014-02-07,1467.362,1475.719,1458.492,1475.343,1382621000
2014-02-10,1480.595,1507.356,1480.525,1505.834,2427684400
2014-02-11,1505.66,1536.462,1500.845,1528.322,3420919200
2014-02-12,1528.884,1537.889,1521.268,1527.001,2381377600
2014-02-13,1525.525,1548.617,1519.382,1528.015,3524063600
2014-02-14,1527.212,1536.355,1525.151,1534.239,2123573200
2014-02-17,1545.182,1549.905,1529.19,1538.105,2693001200
2014-02-18,1535.887,1535.887,1505.42,1508.541,2530762400
2014-02-19,1507.494,1541.45,1504.951,1533.396,3162630000
2014-02-20,1537.938,1556.424,1519.363,1520.138,3612635200
2014-02-21,1517.916,1521.767,1496.086,1505.331,2424011200
2014-02-24,1492.285,1492.285,1458.167,1468.06,2888480000
2014-02-25,1469.257,1475.97,1437.01,1440.892,2617136000
2014-02-26,1434.861,1447.168,1429.611,1444.198,2325252800
2014-02-27,1449.141,1462.125,1437.642,1452.461,3246858000
2014-02-28,1447.772,1467.1,1437.313,1464.321,2594021600
2014-03-03,1459.857,1467.708,1452.135,1462.686,2983984000
2014-03-04,1458.675,1468.46,1448.687,1464.284,2625804800
2014-03-05,1466.011,1466.958,1445.666,1448.331,2035846000
2014-03-06,1446.569,1466.033,1435.937,1459.508,2521621200
2014-03-07,1456.086,1472.075,1451.712,1455.585,2346084200
2014-03-10,1442.976,1442.989,1407.494,1408.873,2530510400
2014-03-11,1406.066,1420.901,1403.31,1412.733,1889792000
2014-03-12,1408.051,1429.299,1403.279,1418.698,2271845000
2014-03-13,1425.844,1451.294,1421.686,1437.392,2647944800
2014-03-14,1429.784,1438.672,1416.675,1426.395,1966609200
2014-03-17,1435.267,1438.367,1421.416,1434.157,1498997400
2014-03-18,1437.54,1438.931,1425.739,1427.63,1802443200
2014-03-19,1422.342,1422.342,1406.552,1418.707,1602253200
2014-03-20,1415.669,1432.511,1406.258,1406.915,2055904400
2014-03-21,1402.813,1468.935,1402.182,1464.08,4341838000
2014-03-24,1468.81,1486.85,1462.179,1477.532,4190667200
2014-03-25,1473.182,1483.323,1464.538,1470.121,2558127600
2014-03-26,1476.248,1480.14,1462.569,1467.08,1991206400
2014-03-27,1464.172,1486.373,1450.453,1464.53,2586058400
2014-03-28,1465.031,1483.586,1463.533,1472.047,2601458200
2014-03-31,1473.151,1477.883,1457.834,1465.783,1957416400
2014-04-01,1463.707,1481.006,1461.177,1473.142,1668913300
2014-04-02,1475.938,1492.752,1473.827,1491.303,2338082600
2014-04-03,1498.111,1504.539,1476.024,1477.488,2596637200
2014-04-04,1471.487,1491.049,1469.696,1490.334,1588061400
2014-04-08,1488.647,1543.411,1488.064,1534.747,4336018000
2014-04-09,1535.214,1539.738,1525.096,1530.875,2462313600
2014-04-10,1532.222,1587.622,1522.49,1570.397,4852679600
2014-04-11,1568.242,1576.94,1557.511,1565.308,3740053600
2014-04-14,1562.191,1568.525,1547.861,1557.7,2101796000
2014-04-15,1550.426,1550.529,1520.996,1523.22,2407461600
2014-04-16,1519.241,1536.925,1518.428,1527.054,1912048000
2014-04-17,1533.067,1534.601,1517.047,1520.562,1625876300
2014-04-18,1513.681,1524.726,1503.636,1521.278,1937480600
2014-04-21,1510.182,1526.016,1493.25,1493.756,1897348800
2014-04-22,1492.077,1510.873,1487.774,1509.547,2050533600
2014-04-23,1504.536,1514.733,1502.639,1507.041,1864788800
2014-04-24,1506.593,1523.25,1504.189,1510.285,1591494300
2014-04-25,1516.685,1522.244,1500.604,1501.046,2402751800
2014-04-28,1499.685,1505.111,1481.706,1483.776,1955266800
2014-04-29,1484.005,1497.669,1478.51,1496.009,1878896400
2014-04-30,1499.12,1500.349,1491.437,1494.808,1887391600
2014-05-05,1490.102,1493.846,1473.027,1487.532,1957922400
2014-05-06,1484.007,1497.71,1480.671,1485.25,1753224400
2014-05-07,1481.944,1485.488,1475.314,1476.176,1591290700
2014-05-08,1474.726,1499.736,1471.648,1478.717,1726268600
2014-05-09,1482.323,1486.889,1474.517,1480.737,1539190700
2014-05-12,1492.628,1513.124,1483.456,1508.387,2820170800
2014-05-13,1507.004,1510.892,1498.401,1503.517,2010458400
2014-05-14,1504.424,1510.33,1498.605,1500.825,1528214100
2014-05-15,1499.217,1503.092,1487.097,1488.771,1613387900
2014-05-16,1489.503,1493.192,1480.833,1487.735,1346617800
2014-05-19,1482.043,1482.172,1454.409,1459.212,1575537700
2014-05-20,1466.053,1468.897,1456.438,1460.82,1243534100
2014-05-21,1454.488,1474.936,1447.936,1474.139,1191695200
2014-05-22,1472.341,1493.18,1469.417,1471.552,1551253300
2014-05-23,1472.409,1484.592,1471.23,1484.375,1188546500
2014-05-26,1493.343,1495.784,1480.69,1486.049,1209119000
2014-05-27,1484.818,1488.667,1478.311,1479.733,1250144700
2014-05-28,1479.495,1493.152,1474.846,1491.756,1557102400
2014-05-29,1492.659,1497.678,1483.809,1484.307,1429096700
2014-05-30,1485.102,1490.06,1478.002,1482.096,1360237400
2014-06-03,1482.439,1491.042,1476.741,1477.522,1304082000
2014-06-04,1478.2,1478.438,1459.528,1466.387,1365307400
2014-06-05,1465.536,1484.706,1463.038,1484.241,1276574100
2014-06-06,1484.521,1484.521,1464.529,1472.268,1202046400
2014-06-09,1466.639,1489.768,1466.149,1475.347,1345680000
2014-06-10,1479.865,1493.943,1474.196,1493.533,1896658400
2014-06-11,1489.367,1493.128,1483.507,1488.764,1299223100
2014-06-12,1486.893,1490.008,1481.832,1483.861,1407643300
2014-06-13,1483.58,1509.021,1483.444,1502.961,2190008400
2014-06-16,1503.662,1521.963,1501.335,1518.705,2403881600
2014-06-17,1512.461,1512.461,1500.334,1501.939,1646147100
2014-06-18,1501.194,1504.496,1493.716,1495.431,1552385600
2014-06-19,1496.659,1500.993,1473.667,1478.038,1693815600
2014-06-20,1475.937,1485.165,1474.436,1484.479,1338516100
2014-06-23,1483.656,1489.313,1474.926,1475.76,1305632200
2014-06-24,1471.734,1481.15,1470.589,1480.128,1265998000
2014-06-25,1477.093,1477.093,1466.396,1469.954,1171418900
2014-06-26,1471.646,1480.829,1471.607,1478.006,1303932200
2014-06-27,1475.72,1480.817,1468.21,1473.756,1632084000
2014-06-30,1475.719,1486.955,1475.719,1482.405,1656844500
2014-07-01,1486.792,1488.141,1476.392,1481.663,1519737700
2014-07-02,1481.331,1486.405,1476.581,1484.841,1672272500
2014-07-03,1481.849,1492.102,1479.056,1489.545,1718850600
2014-07-04,1489.816,1495.039,1489.465,1492.463,1584462000
2014-07-07,1493.068,1497.718,1488.512,1492.836,1596980200
2014-07-08,1491.721,1493.835,1484.126,1491.964,1372506900
2014-07-09,1490.945,1491.968,1474.869,1475.137,1872713400
2014-07-10,1475.177,1478.71,1468.734,1471.168,1657442800
2014-07-11,1462.349,1474.074,1460.906,1468.541,1821782800
2014-07-14,1468.692,1482.995,1466.407,1482.777,1982969200
2014-07-15,1481.109,1487.2,1478.441,1484.662,2157233600
2014-07-16,1482.327,1490.191,1480.595,1483.176,2454217600
2014-07-17,1479.121,1479.286,1468.382,1473.668,1648474100
2014-07-18,1466.577,1486.271,1464.753,1478.755,2090198000
2014-07-21,1478.725,1483.619,1474.799,1479.837,1676029600
2014-07-22,1476.225,1500.499,1475.597,1495.927,2484082800
2014-07-23,1495.247,1512.367,1494.934,1506.755,2857820800
2014-07-24,1508.981,1546.188,1508.981,1541.899,4431152800
2014-07-25,1546.521,1557.578,1541.296,1557.015,3120610400
2014-07-28,1566.329,1617.476,1566.329,1609.477,6666410400
2014-07-29,1610.913,1621.064,1601.977,1611.852,4680623200
2014-07-30,1606.717,1619.18,1598.264,1601.377,4433815600
2014-07-31,1602.67,1622.646,1597.269,1621.847,3474391600
2014-08-01,1616.794,1639.319,1607.565,1607.974,4426750400
2014-08-04,1614.901,1644.958,1608.313,1644.634,4454097600
2014-08-05,1644.234,1646.317,1622.029,1632.408,3319083200
2014-08-06,1624.028,1626.917,1602.993,1619.012,3283637200
2014-08-07,1619.201,1623.004,1592.035,1593.419,3558256800
2014-08-08,1595.191,1600.798,1586.092,1595.662,2841162400
2014-08-11,1601.305,1621.713,1600.682,1619.253,2772883600
2014-08-12,1615.137,1615.137,1601.563,1607.91,2499988200
2014-08-13,1609.456,1619.185,1596.218,1610.139,3010419600
2014-08-14,1610.39,1614.584,1595.17,1596.839,2794567200
2014-08-15,1598.522,1615.876,1593.222,1612.004,2740658800
2014-08-18,1614.225,1623.901,1607.435,1613.127,2629049800
2014-08-19,1614.392,1615.207,1598.064,1609.093,2840078400
2014-08-20,1605.504,1605.509,1596.96,1600.338,2410818200
2014-08-21,1599.551,1600.275,1576.318,1587.025,2727797600
2014-08-22,1585.11,1596.285,1583.607,1594.183,2395343600
2014-08-25,1594.706,1595.44,1575.706,1577.425,2650126400
2014-08-26,1575.779,1584.146,1568.735,1573.391,2362160000
2014-08-27,1573.523,1578.689,1569.978,1572.791,1641932100
2014-08-28,1573.529,1580.68,1563.402,1563.889,2079015400
2014-08-29,1570.395,1582.284,1565.522,1581.284,2201280000
2014-09-01,1582.023,1587.392,1576.219,1586.022,2213287200
2014-09-02,1588.619,1609.006,1581.135,1607.499,3468071200
2014-09-03,1609.301,1628.185,1608.95,1624.032,3840963600
2014-09-04,1626.913,1638.894,1621.241,1637.287,3270024800
2014-09-05,1643.277,1657.605,1641.107,1656.237,4187043600
2014-09-09,1657.61,1660.007,1642.44,1645.112,3066428000
2014-09-10,1637.485,1637.485,1626.107,1629.985,2930072200
2014-09-11,1627.959,1648.957,1619.482,1622.815,3645671200
2014-09-12,1619.05,1630.28,1614.535,1630.204,2846877000
2014-09-15,1625.868,1626.053,1614.228,1624.068,3439118800
2014-09-16,1626.389,1629.686,1598.86,1600.916,5045413600
2014-09-17,1607.158,1609.532,1596.536,1604.916,2989564000
2014-09-18,1601.496,1616.48,1596.715,1609.869,3347402000
2014-09-19,1609.856,1623.244,1604.709,1619.581,3038953200
2014-09-22,1613.814,1613.814,1580.973,1583.886,2997896800
2014-09-23,1584.289,1598.649,1584.158,1595.642,2402464000
2014-09-24,1589.345,1628.507,1586.696,1625.731,4533270400
2014-09-25,1633.445,1636.22,1613.528,1618.524,3750253600
2014-09-26,1613.912,1618.322,1605.528,1616.088,2620004000
2014-09-29,1621.088,1627.186,1613.788,1621.816,3920492000
2014-09-30,1623.041,1625.009,1615.073,1619.697,3337974400
2014-10-08,1625.258,1633.618,1614.504,1633.571,3878025200
2014-10-09,1633.541,1639.167,1624.221,1634.042,4035723200
2014-10-10,1626.578,1630.368,1616.673,1621.713,3684314800
2014-10-13,1614.197,1614.197,1593.656,1605.986,3387618800
2014-10-14,1603.347,1614.978,1595.251,1600.299,3300689200
2014-10-15,1599.895,1615.31,1593.393,1612.772,3458331600
2014-10-16,1602.383,1629.092,1599.159,1608.735,4969448800
2014-10-17,1608.983,1616.374,1592.698,1608.516,4325261200
2014-10-20,1613.801,1615.394,1606.124,1612.402,2867398200
2014-10-21,1612.095,1615.288,1599.861,1600.844,3036666200
2014-10-22,1602.451,1612.749,1596.14,1597.125,2928230800
2014-10-23,1595.819,1604.497,1584.616,1586.557,3397576800
2014-10-24,1587.907,1592.32,1580.711,1583.419,2688345200
2014-10-27,1572.886,1572.886,1556.545,1559.906,2473160000
2014-10-28,1562.748,1586.295,1562.748,1585.744,2757734800
2014-10-29,1591.278,1616.055,1586.168,1608.402,4000484800
2014-10-30,1607.482,1623.742,1602.553,1619.096,5007805600
2014-10-31,1623.649,1665.465,1623.322,1657.286,8329494400
2014-11-03,1662.748,1664.432,1646.434,1651.052,5894742400
2014-11-04,1648.112,1650.808,1639.678,1645.624,5838929200
2014-11-05,1645.291,1647.665,1632.716,1637.625,5181332800
2014-11-06,1639.926,1643.186,1625.986,1635.964,4019334400
2014-11-07,1637.139,1667.7,1633.028,1640.323,6729359200
2014-11-10,1671.225,1689.054,1657.137,1689.024,8556244800
2014-11-11,1701.224,1740.917,1693.245,1710.882,13375732800
2014-11-12,1699.202,1731.33,1693.383,1731.021,6601756400
2014-11-13,1734.169,1750.836,1720.73,1726.337,7996893600
2014-11-14,1719.583,1729.718,1706.835,1728.805,6124875600
2014-11-17,1758.991,1758.991,1706.944,1708.096,5815895200
2014-11-18,1709.136,1709.278,1676.445,1679.423,5511740800
2014-11-19,1675.843,1681.974,1667.902,1671.654,4078235200
2014-11-20,1667.138,1683.607,1662.723,1676.598,3744084000
2014-11-21,1676.395,1717.305,1669.184,1714.711,5364956800
2014-11-24,1729.27,1772.891,1722.709,1758.096,10498636800
2014-11-25,1757.676,1780.56,1752.383,1777.673,7308158400
2014-11-26,1786.933,1821.1,1786.564,1820.489,9344412800
2014-11-27,1834.245,1853.419,1825.345,1853.004,10847290400
2014-11-28,1853.548,1915.808,1846.148,1914.44,16235843200
2014-12-01,1936.811,1968.907,1916.626,1920.38,15615121600
2014-12-02,1910.374,2040.469,1909.369,2021.54,15326342400
2014-12-03,2031.132,2107.682,1999.73,2037.585,19169006400
2014-12-04,2043.466,2161.388,2032.41,2160.66,17227108800
2014-12-05,2201.819,2259.512,2115.42,2200.253,22531739200
2014-12-08,2187.504,2317.555,2160.485,2298.849,19908190400
2014-12-09,2283.161,2402.133,2149.596,2182.693,26926672000
2014-12-10,2198.843,2263.992,2111.882,2254.823,19002796800
2014-12-11,2211.544,2269.487,2190.249,2193.542,14604793600
2014-12-12,2186.738,2250.566,2176.317,2193.287,11152881600
2014-12-15,2170.28,2208.658,2139.469,2201.536,10868732800
2014-12-16,2205.882,2299.383,2195.504,2299.278,14817590400
2014-12-17,2326.846,2392.566,2307.184,2383.948,21136280000
2014-12-18,2389.843,2413.676,2343.739,2364.041,15862150400
2014-12-19,2366.451,2408.484,2304.611,2390.28,15843819200
2014-12-22,2393.044,2479.108,2375.907,2426.684,21815571200
2014-12-23,2392.614,2462.072,2360.718,2374.954,13594649600
2014-12-24,2381.409,2388.412,2238.654,2270.883,12359699200
2014-12-25,2295.218,2360.215,2263.424,2359.655,12125972000
2014-12-26,2365.032,2471.045,2357.669,2464.819,15209288000
2014-12-29,2533.987,2557.381,2437.754,2481.663,18458166400
2014-12-30,2481.084,2550.465,2464.429,2523.627,14946400000
2014-12-31,2529.575,2590.091,2507.944,2581.567,15467580800
2015-01-05,2612.85,2678.443,2583.554,2649.639,18242556800
2015-01-06,2616.291,2691.489,2591.828,2629.402,17344000000
2015-01-07,2608.877,2668.839,2598.89,2635.231,12831772000
2015-01-08,2647.817,2656.752,2551.816,2558.107,11836791200
2015-01-09,2554.286,2692.607,2540.342,2569.019,15620950400
2015-01-12,2565.737,2596.268,2499.869,2543.852,11918358400
2015-01-13,2537.975,2567.62,2512.861,2527.828,7707908000
2015-01-14,2539.249,2569.451,2508.657,2534.23,8412231200
2015-01-15,2534.766,2633.397,2516.612,2632.89,11192316800
2015-01-16,2642.744,2685.306,2626.82,2653.034,13495118400
2015-01-19,2448.927,2512.58,2399.435,2410.201,14016356800
2015-01-20,2381.143,2439.251,2355.258,2403.724,13747664000
2015-01-21,2425.261,2553.696,2414.885,2542.318,14880048000
2015-01-22,2546.701,2557.695,2504.066,2544.308,11370877600
2015-01-23,2556.915,2612.931,2543.455,2564.514,12455135200
2015-01-26,2563.91,2565.362,2528.076,2562.363,9597947200
2015-01-27,2570.432,2574.331,2473.808,2522.103,11654288000
2015-01-28,2497.05,2534.583,2476.277,2486.285,8635638400
2015-01-29,2444.395,2465.312,2419.988,2442.038,8140496800
2015-01-30,2456.054,2471.228,2400.628,2405.38,7659115200
2015-02-02,2337.196,2376.426,2329.151,2332.533,8467689600
2015-02-03,2362.413,2413.006,2335.107,2405.76,8227465600
2015-02-04,2412.754,2439.605,2370.569,2372.455,7753136000
2015-02-05,2456.384,2456.569,2348.448,2348.921,11071324800
2015-02-06,2335.362,2366.331,2303.112,2325.241,7693111200
2015-02-09,2319.241,2392.822,2311.799,2366.766,7390338400
2015-02-10,2363.159,2409.024,2355.136,2403.548,6886203200
2015-02-11,2408.079,2423.348,2395.195,2415.128,5053898400
2015-02-12,2415.139,2425.635,2384.493,2416.449,6066236000
2015-02-13,2426.953,2464.076,2415.425,2427.474,8379348000
2015-02-16,2427.168,2437.843,2413.604,2431.21,6260811600
2015-02-17,2437.689,2464.524,2437.689,2445.26,6001057200
2015-02-25,2448.199,2448.199,2395.527,2407.457,6398738400
2015-02-26,2401.138,2482.443,2382.687,2478.061,9470706400
2015-02-27,2476.486,2498.697,2466.827,2474.595,8565192000
2015-03-02,2495.571,2498.716,2459.421,2479.237,8805252000
2015-03-03,2462.003,2462.003,2395.83,2396.805,9127474400
2015-03-04,2403.862,2416.219,2378.927,2397.993,6429528400
2015-03-05,2379.732,2382.892,2344.947,2366.899,7777329600
2015-03-06,2370.885,2393.739,2366.019,2371.623,6480420400
2015-03-09,2352.223,2443.204,2321.265,2429.867,10619571200
2015-03-10,2413.837,2424.151,2390.604,2395.428,7843558400
2015-03-11,2401.261,2444.655,2399.54,2408.503,7007419200
2015-03-12,2444.415,2505.633,2423.431,2485.114,12477820000
2015-03-13,2494.345,2532.154,2477.396,2495.277,10420594400
2015-03-16,2512.353,2551.445,2485.291,2550.861,10413208000
2015-03-17,2576.413,2586.431,2556.469,2583.198,13209204800
2015-03-18,2595.739,2649.816,2592.264,2649.642,14795881600
2015-03-19,2649.002,2649.002,2613.765,2630.243,13359587200
2015-03-20,2642.798,2710.128,2617.065,2680.679,15375499200
2015-03-23,2700.157,2724.644,2690.48,2720.671,14209193600
2015-03-24,2719.506,2720.03,2649.621,2683.647,15361758400
2015-03-25,2674.352,2691.238,2626.659,2649.161,13227040000
2015-03-26,2637.527,2714.63,2621.451,2687.762,13344292800
2015-03-27,2693.189,2715.007,2664.864,2689.24,11986937600
2015-03-30,2716.431,2793.414,2704.798,2784.456,18138366400
2015-03-31,2826.634,2860.24,2744.927,2754.658,17583371200
2015-04-01,2758.962,2810.649,2751.372,2799.451,12528132000
2015-04-02,2821.214,2824.822,2746.302,2781.641,12218473600
2015-04-03,2771.03,2817.624,2764.347,2817.181,11296924800
2015-04-07,2854.407,2889.859,2838.885,2889.452,16013944000
2015-04-08,2907.584,2960.653,2879.974,2952.079,17985384000
2015-04-09,2973.811,3021.85,2914.695,2931.772,17676448000
2015-04-10,2925.926,2992.408,2911.463,2986.605,14121595200
2015-04-13,3040.007,3059.775,3016.965,3041.125,16933958400
2015-04-14,3057.407,3074.671,3013.312,3052.407,16230036800
2015-04-15,3054.017,3119.484,3039.255,3053.304,17902593600
2015-04-16,3045.851,3183.583,3033.248,3183.302,17196755200
2015-04-17,3251.977,3271.567,3216.206,3235.332,20765993600
2015-04-20,3267.851,3296.18,3146.84,3164.461,26597612800
2015-04-21,3163.288,3214.893,3135.218,3214.364,18442769600
2015-04-22,3219.696,3300.836,3204.437,3299.221,20173806400
2015-04-23,3311.071,3313.81,3245.762,3273.398,17713793600
2015-04-24,3226.384,3250.23,3161.972,3223.958,18513593600
2015-04-27,3257.97,3313.251,3257.97,3308.454,20026697600
2015-04-28,3309.529,3370.025,3255.769,3282.33,26604286400
2015-04-29,3268.518,3304.707,3243.539,3283.282,14666628800
2015-04-30,3290.581,3309.419,3249.246,3250.49,14628827200
2015-05-04,3250.125,3273.149,3204.306,3272.005,13327095200
2015-05-05,3266.809,3270.962,3132.936,3148.813,17060777600
2015-05-06,3175.886,3244.596,3110.111,3139.02,14799113600
2015-05-07,3116.788,3142.137,3093.732,3094.883,10944092800
2015-05-08,3126.002,3138.661,3045.01,3110.455,10327816800
2015-05-11,3112.241,3169.867,3075.201,3169.134,13376665600
2015-05-12,3162.671,3200.184,3136.458,3188.313,13081305600
2015-05-13,3188.061,3188.961,3122.337,3141.296,11730550400
2015-05-14,3136.128,3153.748,3107.681,3128.572,10533870400
2015-05-15,3122.894,3124.605,3044.854,3060.411,10999319200
2015-05-18,3032.708,3045.586,2997.129,2998.389,8704172800
2015-05-19,2996.841,3127.001,2996.716,3116.086,11120662400
2015-05-20,3127.566,3181.54,3105.626,3122.85,12455732800
2015-05-21,3132.335,3156.488,3110.999,3150.901,9475578400
2015-05-22,3180.39,3249.516,3170.453,3248.855,15002110400
2015-05-25,3263.96,3350.518,3263.96,3349.945,15858571200
2015-05-26,3382.76,3390.287,3320.154,3386.593,14789468800
2015-05-27,3390.981,3404.756,3327.241,3344.738,14747054400
2015-05-28,3336.7,3350.218,3120.973,3124.621,17825520000
2015-05-29,3127.636,3161.58,3036.957,3111.334,13378440000
2015-06-01,3114.793,3250.605,3082.163,3244.319,14102337600
2015-06-02,3240.796,3269.216,3201.224,3258.31,13480052800
2015-06-03,3251.909,3259.706,3193.544,3238.428,12830697600
2015-06-04,3244.459,3316.501,3113.222,3299.03,18456793600
2015-06-05,3349.573,3365.59,3234.246,3303.988,18814564800
2015-06-08,3333.833,3469.216,3308.296,3458.707,24825404800
2015-06-09,3494.823,3494.823,3376.025,3413.996,22044856000
2015-06-10,3362.807,3415.276,3338.684,3370.383,15529468800
2015-06-11,3368.999,3383.488,3313.59,3347.116,13807385600
2015-06-12,3364.443,3374.815,3319.2,3350.248,14526225600
2015-06-15,3359.707,3366.839,3254.619,3262.479,16732256000
2015-06-16,3233.147,3275.474,3149.083,3179.652,15596990400
2015-06-17,3198.143,3222.438,3144.488,3211.707,15957156800
2015-06-18,3183.229,3183.229,3067.485,3068.488,13734504000
2015-06-19,3030.224,3067.817,2900.791,2903.057,13178392000
2015-06-23,2907.075,3007.626,2822.471,3003.163,13561764800
2015-06-24,3009.769,3052.113,2962.647,3045.244,14158588800
2015-06-25,3069.4,3082.558,2929.107,2943.99,16015830400
2015-06-26,2875.122,2953.959,2678.769,2736.695,18335580800
2015-06-29,2802.772,2822.113,2530.83,2678.368,21201872000
2015-06-30,2678.634,2872.508,2628.004,2870.025,21959230400
2015-07-01,2823.944,2872.907,2721.476,2736.847,16995769600
2015-07-02,2767.986,2805.667,2611.863,2714.247,20904576000
2015-07-03,2674.557,2738.658,2511.165,2582.266,18436192000
2015-07-06,2807.754,2807.754,2649.558,2749.998,34483427200
2015-07-07,2682.501,2825.486,2612.115,2812.446,35031478400
2015-07-08,2596.712,2760.522,2546.462,2608.977,37745939200
2015-07-09,2575.343,2828.752,2493.644,2781.077,27117676800
2015-07-10,2749.12,2997.597,2717.712,2898.41,29625184000
2015-07-13,2855.7,2949.197,2805.913,2869.051,23334105600
2015-07-14,2821.971,2843.248,2717.031,2763.073,19436841600
2015-07-15,2725.924,2779.948,2665.95,2757.951,18594803200
2015-07-16,2754.829,2779.997,2708.715,2742.847,13524616000
2015-07-17,2756.866,2834.179,2723.739,2807.065,13024111200
2015-07-20,2798.56,2815.701,2766.943,2783.761,13086249600
2015-07-21,2757.66,2799.815,2743.155,2772.774,11582657600
2015-07-22,2757.284,2770.996,2721.354,2739.786,10665452800
2015-07-23,2741.424,2796.368,2736.375,2790.764,11358204000
2015-07-24,2794.054,2807.62,2735.299,2741.044,12392891200
2015-07-27,2698.798,2715.359,2491.119,2493.29,13664510400
2015-07-28,2427.028,2531.231,2400.866,2485.674,14033884800
2015-07-29,2496.895,2535.602,2459.082,2531.445,9307815200
2015-07-30,2525.084,2548.27,2459.924,2467.367,8694982400
2015-07-31,2452.047,2490.659,2432.494,2461.24,7472537600
2015-08-03,2433.242,2479.951,2419.85,2479.724,8807340800
2015-08-04,2476.158,2535.28,2462.73,2534.711,6603231600
2015-08-05,2529.133,2537.354,2485.598,2487.062,6288967200
2015-08-06,2452.528,2505.534,2446.959,2467.525,4780004800
2015-08-07,2489.805,2520.038,2479.246,2503.796,5756324000
2015-08-10,2527.616,2626.358,2517.947,2617.659,10962661600
2015-08-11,2612.948,2623.837,2578.649,2590.71,9958425600
2015-08-12,2562.681,2598.508,2557.26,2561.127,7535252800
2015-08-13,2562.874,2585.923,2522.352,2580.778,7008074400
2015-08-14,2588.432,2592.17,2565.592,2577.038,7294156800
2015-08-17,2560.371,2561.963,2524.128,2550.467,7113381600
2015-08-18,2554.076,2572.213,2405.828,2407.967,10124871200
2015-08-19,2379.209,2431.611,2326.236,2430.281,9048532000
2015-08-20,2406.57,2421.026,2356.334,2356.917,6834685600
2015-08-21,2336.45,2362.844,2261.307,2271.359,7846755200
2015-08-24,2195.457,2203.634,2046.845,2058.252,11542038400
2015-08-25,1947.145,2044.559,1890.379,1914.052,11856957600
2015-08-26,1930.201,2028.402,1874.216,1942.45,12411179200
2015-08-27,1989.586,2095.456,1957.736,2094.722,11658547200
2015-08-28,2120.358,2167.898,2097.776,2159.958,11529985600
2015-08-31,2135.603,2214.105,2071.406,2210.447,11719305600
2015-09-01,2155.956,2239.458,2103.479,2230.321,15831033600
2015-09-02,2143.244,2248.766,2137.193,2243.631,16606144000
2015-09-07,2215.176,2247.441,2127.479,2133.978,8567205600
2015-09-08,2115.896,2185.404,2084.03,2180.131,6198041600
2015-09-09,2186.371,2225.269,2175.77,2211.2,7696297600
2015-09-10,2183.606,2218.137,2175.366,2208.481,5303532000
2015-09-11,2199.585,2218.822,2180.235,2195.391,3622196800
2015-09-14,2205.705,2228.957,2126.288,2228.154,8478536000
2015-09-15,2179.239,2188.357,2142.02,2175.173,5548432800
2015-09-16,2161.01,2277.583,2142.2,2241.949,5602654800
2015-09-17,2223.403,2260.85,2194.028,2194.823,5584288800
2015-09-18,2204.578,2226.751,2192.266,2198.99,3607430000
2015-09-21,2185.077,2220.024,2176.658,2214.448,3690151200
2015-09-22,2217.779,2259.071,2210.494,2237.314,4256376800
2015-09-23,2208.252,2219.241,2174.92,2178.546,3423454800
2015-09-24,2190.31,2198.492,2170.678,2188.088,2507485200
2015-09-25,2180.287,2191.36,2150.018,2183.404,3599200800
2015-09-28,2169.152,2175.97,2145.75,2169.941,2026861800
2015-09-29,2139.797,2145.987,2114.301,2127.203,2548256000
2015-09-30,2138.148,2161.712,2133.879,2146.118,2502692400
2015-10-08,2231.025,2231.242,2189.988,2191.343,3925563200
2015-10-09,2202.134,2226.423,2195.158,2219.294,3313522200
2015-10-12,2223.325,2308.189,2220.632,2283.429,6235454400
2015-10-13,2268.759,2282.041,2259.267,2270.948,3690453600
2015-10-14,2263.592,2284.62,2252.381,2253.908,4196146400
2015-10-15,2254.403,2297.956,2252.33,2297.901,4694218800
2015-10-16,2310.354,2328.304,2301.487,2323.775,6016847600
2015-10-19,2329.396,2346.346,2303.165,2318.472,5322538000
2015-10-20,2312.531,2337.798,2297.755,2337.08,4669890400
2015-10-21,2338.714,2369.371,2268.823,2340.36,9767172000
2015-10-22,2306.067,2337.401,2297.05,2331.791,5465178000
2015-10-23,2334.542,2350.119,2319.775,2343.965,4885481200
2015-10-26,2366.838,2381.713,2340.496,2350.02,5279820800
2015-10-27,2343.872,2353.648,2302.093,2349.904,4664322000
2015-10-28,2338.386,2342.453,2308.545,2310.703,4093916000
2015-10-29,2317.48,2323.451,2301.367,2307.345,2925758000
2015-10-30,2307.759,2336.039,2298.974,2312.974,3717355600
2015-11-02,2291.252,2310.828,2279.469,2280.092,3309899400
2015-11-03,2283.802,2294.415,2265.673,2271.653,2731711800
2015-11-04,2277.2,2374.019,2277.2,2370.503,6200030800
2015-11-05,2368.608,2503.65,2365.854,2440.651,14874521600
2015-11-06,2430.65,2501.403,2427.284,2493.484,10219929600
2015-11-09,2501.725,2592.194,2501.725,2534.084,13319084000
2015-11-10,2504.253,2559.828,2498.457,2522.683,9087222400
2015-11-11,2516.346,2517.506,2474.043,2505.83,6608939600
2015-11-12,2513.107,2513.701,2466.291,2476.429,5839126000
2015-11-13,2454.178,2481.175,2444.203,2447.773,5593073600
2015-11-16,2410.039,2447.5,2407.943,2447.293,4234411200
2015-11-17,2462.217,2514.463,2449.741,2453.257,6824470400
2015-11-18,2455.576,2473.447,2433.456,2439.447,5987262400
2015-11-19,2444.878,2469.007,2436.899,2468.488,4194923200
2015-11-20,2469.699,2483.891,2458.779,2466.757,4809942400
2015-11-23,2465.811,2485.415,2451.548,2456.84,4409032800
2015-11-24,2449.973,2452.352,2421.392,2447.904,4095241600
2015-11-25,2441.728,2460.184,2430.35,2459.563,4260290000
2015-11-26,2468.519,2481.39,2450.095,2450.962,4493662800
2015-11-27,2438.179,2439.699,2320.066,2334.44,5595359600
2015-11-30,2325.071,2347.844,2280.683,2336.29,5256162800
2015-12-01,2334.143,2365.149,2314.793,2344.833,4193491200
2015-12-02,2341.425,2463.905,2337.027,2458.411,8167693600
2015-12-03,2441.906,2481.537,2422.559,2461.449,8174400000
2015-12-04,2438.386,2442.248,2392.884,2397.562,4783854000
2015-12-07,2398.088,2404.912,2379.546,2395.584,2917439600
2015-12-08,2381.675,2386.277,2356.93,2364.344,3381369600
2015-12-09,2357.876,2386.281,2356.939,2369.738,2842059200
2015-12-10,2369.588,2402.688,2353.217,2357.209,3199761800
2015-12-11,2346.863,2357.08,2324.625,2342.453,3159044800
2015-12-14,2319.198,2418.564,2316.902,2414.917,4748665200
2015-12-15,2408.153,2410.086,2377.066,2383.832,3460835200
2015-12-16,2389.252,2394.171,2371.428,2376.535,2849092400
2015-12-17,2391.402,2424.904,2386.088,2408.321,4403512000
2015-12-18,2405.857,2466.346,2404.152,2422.835,5396733600
2015-12-21,2415.63,2513.486,2414.838,2500.064,7367108800
2015-12-22,2499.658,2506.87,2477.667,2496.054,5124880300
2015-12-23,2497.366,2550.899,2492.425,2503.059,6818885600
2015-12-24,2498.768,2505.703,2451.45,2481.754,4830384000
2015-12-25,2483.657,2496.838,2474.327,2492.336,2962302400
2015-12-28,2498.781,2502.333,2411.209,2411.408,4820059100
2015-12-29,2408.925,2435.621,2405.17,2432.88,2759730600
2015-12-30,2432.183,2434.521,2399.92,2432.773,2842066200
2015-12-31,2426.811,2437.716,2409.757,2420.801,2997272200
2016-01-04,2417.025,2417.025,2269.967,2270.461,3462085100
2016-01-05,2230.08,2309.594,2223.052,2288.113,4807596200
2016-01-06,2284.923,2321.169,2274.468,2317.647,3808882000
2016-01-07,2281.881,2281.934,2171.315,2180.589,1108157500
2016-01-08,2225.475,2257.41,2154.582,2219.612,5152593100
2016-01-11,2182.846,2202.323,2119.702,2120.234,4848350500
2016-01-12,2135.939,2151.399,2115.365,2131.368,3514437400
2016-01-13,2152.717,2157.508,2104.931,2105.507,3202494400
2016-01-14,2056.408,2136.063,2052.296,2132.076,3663096500
2016-01-15,2119.562,2128.948,2058.697,2070.928,3464162300
2016-01-18,2040.406,2092.402,2039.051,2069.275,2680609500
2016-01-19,2075.186,2135.362,2060.281,2128.574,3722216800
2016-01-20,2115.126,2124.151,2076.165,2088.723,3922114500
2016-01-21,2069.386,2112.734,2040.527,2040.978,3435451500
2016-01-22,2062.626,2074.166,2026.27,2061.962,2706519600
2016-01-25,2067.563,2074.895,2049.254,2065.444,2174107400
2016-01-26,2046.04,2050.446,1944.906,1951.614,3775143700
2016-01-27,1961.399,1972.164,1908.038,1953.465,3930266400
2016-01-28,1943.826,1960.946,1900.352,1912.721,2971655300
2016-01-29,1915.127,1986.721,1914.396,1973.005,3824287700
2016-02-01,1970.214,1973.1,1917.24,1937.073,2733516000
2016-02-02,1935.216,1978.286,1934.907,1969.616,2615654000
2016-02-03,1947.833,1955.089,1929.815,1952.367,2197008000
2016-02-04,1962.866,1983.252,1960.13,1974.236,2502030500
2016-02-05,1970.688,1979.391,1962.233,1967.26,2045579500
2016-02-15,1916.424,1958.22,1914.494,1948.275,1889323100
2016-02-16,1957.915,2005.416,1957.536,2000.903,3060729100
2016-02-17,1997.679,2020.084,1993.895,2014.443,3437354800
2016-02-18,2022.55,2034.161,2007.216,2009.273,3093860700
2016-02-19,2005.413,2013.781,1993.046,2004.107,2163929000
2016-02-22,2025.18,2064.61,2016.364,2053.863,3905928400
2016-02-23,2051.567,2051.567,2013.981,2029.522,2687619100
2016-02-24,2020.592,2041.883,2009.349,2041.388,2622891700
2016-02-25,2038.16,2038.181,1925.195,1932.602,4245956300
2016-02-26,1946.961,1965.915,1929.999,1955.395,2630676400
2016-02-29,1951.676,1953.318,1891.098,1944.611,3916158300
2016-03-01,1944.562,1988.567,1931.98,1973.194,2959585900
2016-03-02,1980.462,2045.825,1979.174,2043.407,5097880200
2016-03-03,2043.374,2057.163,2031.536,2053.273,4547667100
2016-03-04,2045.115,2128.569,2040.083,2122.269,8595312600
2016-03-07,2122.552,2133.557,2097.777,2107.673,4005873200
2016-03-08,2102.248,2118.042,2037.294,2115.158,3900335500
2016-03-09,2073.272,2112.859,2053.837,2111.919,3808329000
2016-03-10,2089.861,2102.986,2060.064,2061.451,2087298100
2016-03-11,2043.25,2071.091,2039.585,2070.724,2444346100
2016-03-14,2079.907,2117.831,2071.122,2078.41,3511461700
2016-03-15,2077.508,2105.038,2055.323,2101.117,3464713100
2016-03-16,2087.279,2142.16,2084.767,2136.128,6038157700
2016-03-17,2135.059,2156.891,2113.436,2131.481,3807790200
2016-03-18,2140.267,2165.147,2131.383,2141.177,6225762400
2016-03-21,2156.951,2214.643,2154.486,2193.385,7826466500
2016-03-22,2181.985,2196.368,2167.43,2173.256,5053124500
2016-03-23,2170.163,2186.02,2159.456,2175.283,3524766400
2016-03-24,2161.171,2161.171,2137.19,2137.59,3387992700
2016-03-25,2137.154,2156.804,2135.528,2149.204,2278104900
2016-03-28,2152.807,2166.922,2116.98,2123.035,2590590600
2016-03-29,2127.804,2133.809,2100.919,2106.862,2565460400
2016-03-30,2124.531,2160.497,2124.089,2157.53,3563382900
2016-03-31,2166.421,2171.793,2149.244,2156.541,3228183700
2016-04-01,2156.776,2168.333,2124.126,2167.782,3490389800
2016-04-05,2151.369,2186.917,2147.088,2180.262,3887452100
2016-04-06,2167.449,2176.901,2156.515,2168.037,2834967800
2016-04-07,2174.883,2177.122,2138.328,2139.404,2583304400
2016-04-08,2125.449,2132.728,2114.265,2123.804,2282274700
2016-04-11,2140.564,2167.647,2140.564,2148.439,3021250400
2016-04-12,2147.811,2150.571,2135.289,2143.896,1939219800
2016-04-13,2157.212,2197.743,2157.212,2171.315,5111446800
2016-04-14,2183.121,2190.871,2166.634,2178.868,2487885600
2016-04-15,2182.114,2190.73,2172.97,2182.067,2381886000
2016-04-18,2166.003,2168.897,2154.381,2158.23,2441091800
2016-04-19,2169.894,2173.086,2156.183,2163.607,1839065000
2016-04-20,2166.284,2169.65,2093.818,2154.886,4756525800
2016-04-21,2138.287,2171.451,2129.912,2147.718,3062895100
2016-04-22,2135.919,2161.798,2133.81,2157.724,2019856900
2016-04-25,2149.25,2156.53,2130.303,2148.28,1715607100
2016-04-26,2146.413,2163.24,2140.575,2155.791,1544429000
2016-04-27,2157.859,2159.125,2143.898,2145.38,1452080100
2016-04-28,2149.065,2155.569,2131.86,2142.057,1735810600
2016-04-29,2136.844,2146.324,2134.19,2135.509,1594853800
2016-05-03,2136.198,2167.726,2131.383,2158.272,2581521500
2016-05-04,2152.434,2159.647,2147.76,2152.934,1742689300
2016-05-05,2149.466,2155.471,2145.107,2152.882,1477745200
2016-05-06,2152.502,2153.873,2106.444,2107.009,2464227500
2016-05-09,2100.643,2100.643,2064.686,2072.467,2402225300
2016-05-10,2061.989,2084.697,2061.989,2072.382,1716574600
2016-05-11,2078.287,2089.117,2068.65,2078.413,1805863300
2016-05-12,2067.747,2089.649,2055.511,2084.838,1792753000
2016-05-13,2079.645,2089.835,2072.26,2076.188,1528786900
2016-05-16,2068.924,2082.865,2064.679,2082.616,1357924400
2016-05-17,2081.569,2083.853,2069.273,2075.465,1485096300
2016-05-18,2067.716,2081.851,2053.716,2078.759,2303711200
2016-05-19,2072.367,2083.132,2069.903,2073.804,1405000600
2016-05-20,2067.464,2083.512,2064.442,2083.117,1389017200
2016-05-23,2082.972,2095.169,2077.937,2082.412,1447921100
2016-05-24,2080.014,2080.069,2062.498,2066.643,1310444300
2016-05-25,2079.482,2084.134,2068.681,2071.907,1128499700
2016-05-26,2070.237,2083.057,2062.17,2076.137,1312651200
2016-05-27,2075.207,2080.489,2069.518,2074.92,1057749200
2016-05-30,2076.933,2093.774,2065.635,2092.161,1771438500
2016-05-31,2092.216,2158.122,2092.216,2155.656,4065174200
2016-06-01,2155.504,2158.715,2138.557,2138.963,2547332400
2016-06-02,2138.208,2144.319,2129.941,2137.652,1635666600
2016-06-03,2146.557,2157.068,2135.533,2152.637,2052615200
2016-06-06,2148.963,2151.059,2131.918,2136.323,1365883700
2016-06-07,2141.652,2145.714,2134.606,2139.069,1406849100
2016-06-08,2137.181,2138.847,2124.836,2132.963,1640579100
2016-06-13,2113.912,2122.46,2083.288,2084.3,2102877100
2016-06-14,2080.903,2098.064,2079.395,2095.023,1535492400
2016-06-15,2073.469,2115.376,2073.098,2106.631,1954992500
2016-06-16,2095.362,2105.253,2091.49,2094.815,1796886100
2016-06-17,2093.692,2115.417,2093.692,2102.201,1784608200
2016-06-20,2109.567,2110.886,2092.829,2104.22,1209116000
2016-06-21,2108.866,2130.9,2100.061,2104.558,1769990500
2016-06-22,2101.054,2116.297,2098.632,2115.769,1354873300
2016-06-23,2114.774,2114.774,2098.358,2105.532,1528234500
2016-06-24,2099.998,2112.609,2052.984,2076.3,2260783000
2016-06-27,2070.941,2096.199,2070.824,2095.893,1648846700
2016-06-28,2089.348,2104.479,2084.181,2102.053,1758820600
2016-06-29,2105.763,2124.293,2104.234,2122.97,2945572600
2016-06-30,2123.867,2130.978,2120.408,2122.633,2035451700
2016-07-01,2124.4,2133.35,2122.865,2127.094,1613280400
2016-07-04,2121.897,2169.62,2120.493,2163.292,3086203100
2016-07-05,2162.094,2174.424,2159.9,2168.855,3230772800
2016-07-06,2161.577,2169.464,2149.036,2167.101,2453844900
2016-07-07,2161.359,2173.705,2153.773,2166.884,2697771000
2016-07-08,2156.385,2158.771,2147.14,2148.761,1935878900
2016-07-11,2152.739,2175.244,2150.37,2155.716,2860924500
2016-07-12,2156.631,2201.629,2156.592,2200.348,4025373300
2016-07-13,2195.981,2222.252,2191.586,2197.788,4327979700
2016-07-14,2195.338,2199.84,2184.495,2195.227,2415254300
2016-07-15,2196.954,2200.876,2186.365,2192.394,2158522700
2016-07-18,2190.469,2205.795,2184.053,2187.983,2952718000
2016-07-19,2188.8,2193.572,2163.315,2175.397,2180913500
2016-07-20,2173.546,2177.995,2163.109,2167.121,1456192600
2016-07-21,2168.476,2185.616,2168.476,2177.778,1804675400
2016-07-22,2175.975,2177.436,2154.357,2157.232,1838919000
2016-07-25,2155.324,2167.509,2152.089,2159.554,1452814400
2016-07-26,2156.813,2183.06,2156.774,2182.505,1840605100
2016-07-27,2182.72,2186.083,2125.266,2173.973,3793480600
2016-07-28,2160.163,2173.082,2153.891,2163.809,2587542300
2016-07-29,2163.641,2166.849,2151.927,2155.239,1871473000
2016-08-01,2151.542,2155.79,2136.113,2147.558,2015539600
2016-08-02,2145.821,2151.292,2138.19,2148.455,1259211100
2016-08-03,2140.153,2149.895,2136.605,2145.788,1530689300
2016-08-04,2145.658,2146.598,2130.175,2143.844,1495566300
2016-08-05,2142.335,2159.138,2137.312,2148.682,1616443400
2016-08-08,2147.696,2159.952,2137.517,2159.673,1677574000
2016-08-09,2159.31,2176.696,2157.764,2175.345,2282474500
2016-08-10,2175.134,2179.612,2169.13,2170.103,1739101900
2016-08-11,2168.133,2205.876,2168.133,2177.064,2658516600
2016-08-12,2177.802,2222.69,2175.854,2222.488,3443001200
2016-08-15,2227.079,2310.277,2225.622,2287.656,6374530800
2016-08-16,2293.811,2302.331,2253.415,2257.699,6124943400
2016-08-17,2260.926,2270.371,2241.943,2253.736,3084886600
2016-08-18,2253.117,2274.455,2235.046,2244.72,3388044800
2016-08-19,2241.673,2254.49,2230.33,2249.342,2890069300
2016-08-22,2249.08,2253.595,2235.012,2237.128,2619306000
2016-08-23,2235.391,2256.328,2232.444,2241.952,2302390300
2016-08-24,2242.909,2244.879,2227.556,2232.213,1812178700
2016-08-25,2224.513,2225.999,2205.011,2222.152,2181910400
2016-08-26,2223.307,2232.294,2215.625,2219.308,1643096500
2016-08-29,2219.02,2220.127,2205.122,2214.259,1985201200
2016-08-30,2215.84,2229.834,2215.686,2224.062,1984669200
2016-08-31,2222.02,2237.659,2218.652,2232.712,1695555200
2016-09-01,2230.363,2235.649,2219.254,2220.403,1902822400
2016-09-02,2216.288,2231.455,2215.644,2229.893,2040602300
2016-09-05,2230.412,2240.494,2224.933,2228.718,1781345200
2016-09-06,2227.439,2241.525,2217.477,2232.451,2125477100
2016-09-07,2233.034,2246.372,2230.578,2236.546,2209767100
2016-09-08,2234.946,2239.168,2230.817,2236.626,1417115700
2016-09-09,2236.39,2241.61,2228.661,2229.31,1741151300
2016-09-12,2201.676,2202.905,2175.333,2199.976,3454689100
2016-09-13,2197.379,2199.24,2185.822,2193.193,1496892400
2016-09-14,2184.111,2187.954,2172.397,2176.523,1816965700
2016-09-19,2178.76,2191.215,2178.76,2189.461,1413566500
2016-09-20,2190.097,2190.717,2181.016,2184.207,1102289400
2016-09-21,2184.424,2191.813,2180.501,2187.154,1244650900
2016-09-22,2195.246,2210.793,2192.491,2200.698,1539804300
2016-09-23,2202.698,2203.663,2195.077,2196.29,1172763600
2016-09-26,2190.39,2190.39,2166.825,2167.264,1694820900
2016-09-27,2163.378,2176.767,2162.436,2176.448,1259253900
2016-09-28,2177.415,2177.415,2165.332,2166.723,928843200
2016-09-29,2170.987,2183.171,2170.843,2175.37,1187946400
2016-09-30,2171.939,2182.607,2171.492,2177.352,921930500
2016-10-10,2187.652,2204.327,2185.468,2202.873,1930020200
2016-10-11,2205.354,2212.429,2202.124,2209.228,2116938400
2016-10-12,2205.444,2205.444,2196.852,2200.997,1547883700
2016-10-13,2201.34,2204.888,2194.595,2202.117,1830879000
2016-10-14,2199.556,2211.092,2196.261,2209.815,2395051000
2016-10-17,2207.353,2209.141,2189.272,2192.885,2316186700
2016-10-18,2189.932,2224.337,2189.932,2222.783,3177711700
2016-10-19,2222.781,2230.828,2217.627,2221.534,2943280900
2016-10-20,2222.631,2228.936,2218.969,2223.424,1977292400
2016-10-21,2221.383,2246.579,2221.036,2240.75,3566857700
2016-10-24,2245.458,2285.084,2243.811,2270.95,4960345100
2016-10-25,2270.017,2274.384,2258.919,2266.172,3242378800
2016-10-26,2263.692,2266.879,2254.63,2257.116,2714605700
2016-10-27,2254.322,2256.206,2243.634,2250.259,2343830900
2016-10-28,2252.384,2271.906,2249.485,2253.802,2823346100
2016-10-31,2247.99,2253.803,2236.203,2250.469,1981495500
2016-11-01,2250.495,2263.624,2246.949,2263.479,2201530600
2016-11-02,2256.118,2259.186,2242.769,2244.744,2226082500
2016-11-03,2241.437,2283.249,2239.868,2273.633,4091302700
2016-11-04,2271.845,2284.954,2266.917,2271.926,3619209100
2016-11-07,2271.964,2279.553,2265.361,2276.954,2596670400
2016-11-08,2284.008,2294.625,2276.738,2282.418,3259587400
2016-11-09,2281.124,2281.595,2244.433,2263.924,3735243100
2016-11-10,2279.943,2297.97,2279.943,2289.449,3456599800
2016-11-11,2285.61,2315.961,2284.288,2308.429,5694860100
2016-11-14,2304.607,2338.58,2303.966,2317.773,6168486500
2016-11-15,2315.798,2319.068,2306.23,2310.901,3448614000
2016-11-16,2312.498,2314.846,2302.143,2309.943,3259638600
2016-11-17,2306.409,2317.537,2297.736,2316.721,3545076300
2016-11-18,2318.896,2323.723,2304.551,2307.274,3447528500
2016-11-21,2304.768,2350.755,2304.768,2334.678,5751963700
2016-11-22,2334.685,2357.574,2334.685,2353.002,6598317700
2016-11-23,2355.316,2375.812,2352.396,2360.336,5406233100
2016-11-24,2356.847,2382.952,2355.801,2368.734,3715808900
2016-11-25,2371.699,2394.708,2358.257,2393.946,4432797500
2016-11-28,2406.703,2427.593,2398.414,2403.135,7755450400
2016-11-29,2398.668,2455.429,2395.813,2441.579,9303858600
2016-11-30,2435.805,2444.954,2411.563,2419.414,6897198000
2016-12-01,2421.928,2448.667,2417.962,2431.306,7360667400
2016-12-02,2427.167,2430.833,2401.061,2416.508,7762501700
2016-12-05,2378.21,2386.434,2363.13,2375.258,7242835700
2016-12-06,2371.112,2382.196,2367.0,2368.682,4259595500
2016-12-07,2367.421,2377.304,2358.871,2376.919,3631364600
2016-12-08,2380.658,2387.173,2374.467,2379.001,3965155600
2016-12-09,2374.296,2422.777,2372.459,2411.314,6786012700
2016-12-12,2408.086,2423.393,2362.143,2387.159,7057419400
2016-12-13,2373.792,2382.443,2357.46,2372.931,4120248600
2016-12-14,2369.496,2384.562,2359.722,2360.379,4680032600
2016-12-15,2346.765,2354.352,2302.434,2309.816,4258325200
2016-12-16,2302.874,2315.537,2298.434,2302.315,3057955100
2016-12-19,2299.714,2303.685,2288.302,2291.384,2416229700
2016-12-20,2293.4,2295.114,2262.878,2279.683,3010553300
2016-12-21,2282.124,2304.601,2281.997,2297.371,4018425600
2016-12-22,2293.348,2298.189,2280.787,2292.041,2922298000
2016-12-23,2290.251,2291.723,2271.129,2278.478,3306081700
2016-12-26,2266.384,2295.694,2251.713,2294.709,2992352100
2016-12-27,2291.232,2300.16,2286.434,2286.962,2459765600
2016-12-28,2286.407,2289.807,2269.165,2277.176,2330457400
2016-12-29,2273.221,2282.194,2265.894,2275.106,2399747100
2016-12-30,2276.81,2286.992,2272.5,2286.898,2548075500
2017-01-03,2285.273,2311.293,2285.273,2307.892,2590892000
2017-01-04,2305.912,2324.558,2304.173,2322.206,2610440300
2017-01-05,2322.424,2326.185,2317.885,2322.684,2652871200
2017-01-06,2323.006,2326.434,2308.369,2308.936,2644512400
2017-01-09,2308.442,2321.692,2307.163,2318.337,2652307400
2017-01-10,2316.157,2320.995,2309.937,2312.599,2405598100
2017-01-11,2311.92,2317.662,2299.313,2300.475,2692834600
2017-01-12,2299.49,2310.775,2294.324,2295.403,2213917400
2017-01-13,2293.465,2315.212,2291.062,2308.055,2754046700
2017-01-16,2303.318,2343.273,2282.243,2337.394,5929473500
2017-01-17,2326.009,2332.836,2320.033,2329.595,1917044900
2017-01-18,2330.142,2349.393,2327.927,2342.775,2029889100
2017-01-19,2335.657,2349.645,2330.336,2334.957,2109073500
2017-01-20,2334.487,2350.261,2333.465,2347.183,1751128800
2017-01-23,2350.547,2358.473,2340.534,2347.105,1931132100
2017-01-24,2347.502,2357.169,2343.463,2352.424,2011077700
2017-01-25,2349.518,2358.948,2345.699,2358.697,1780022100
2017-01-26,2359.428,2371.926,2359.428,2364.024,1862983100
2017-02-03,2367.53,2368.909,2338.198,2339.989,1451595100
2017-02-06,2346.444,2351.557,2336.899,2343.967,1989571500
2017-02-07,2343.658,2347.357,2331.776,2337.535,1697274000
2017-02-08,2334.682,2347.096,2323.905,2346.426,2423769100
2017-02-09,2345.841,2364.144,2343.728,2354.901,3138164600
2017-02-10,2357.589,2374.485,2357.207,2368.183,3930636000
2017-02-13,2369.698,2382.921,2369.487,2379.306,3460382600
2017-02-14,2381.101,2381.634,2367.046,2373.514,2422716700
2017-02-15,2375.624,2385.118,2369.43,2372.192,3894925700
2017-02-16,2373.313,2378.451,2366.16,2376.763,2962949700
2017-02-17,2378.657,2389.324,2360.995,2362.709,3109047400
2017-02-20,2361.761,2395.534,2361.506,2394.12,4469041100
2017-02-21,2396.224,2410.345,2393.37,2396.884,3256980000
2017-02-22,2397.487,2399.398,2389.055,2398.192,2451300900
2017-02-23,2397.559,2402.567,2379.559,2387.417,2345867100
2017-02-24,2385.051,2390.389,2377.099,2389.877,2568012100
2017-02-27,2384.918,2387.818,2365.467,2370.559,2382755500
2017-02-28,2369.471,2379.428,2366.236,2370.707,1679355800
2017-03-01,2371.653,2383.513,2368.622,2371.925,2786312400
2017-03-02,2376.971,2380.239,2354.143,2354.913,2306273100
2017-03-03,2347.906,2350.671,2338.846,2347.146,2048310700
2017-03-06,2346.037,2355.092,2342.518,2349.889,2111239900
2017-03-07,2349.621,2356.959,2347.167,2356.293,2025134800
2017-03-08,2353.617,2362.963,2351.696,2358.074,2436983300
2017-03-09,2352.749,2353.538,2334.336,2346.553,2663066700
2017-03-10,2343.308,2347.458,2336.319,2339.234,1798881100
2017-03-13,2337.355,2355.217,2328.619,2354.89,2462401100
2017-03-14,2353.719,2359.314,2349.28,2354.9,1901700600
2017-03-15,2352.385,2357.845,2345.444,2357.307,2106259500
2017-03-16,2362.358,2376.513,2362.358,2369.194,3027821000
2017-03-17,2371.605,2373.544,2342.019,2346.96,3076762300
2017-03-20,2352.115,2355.535,2337.527,2350.067,2714929100
2017-03-21,2352.212,2358.547,2348.869,2357.136,2888792100
2017-03-22,2347.858,2352.764,2330.116,2338.547,3289198200
2017-03-23,2340.061,2356.271,2334.12,2347.434,2671255200
2017-03-24,2350.692,2373.579,2341.62,2365.604,4012077200
2017-03-27,2364.745,2381.765,2360.674,2364.428,3549115600
2017-03-28,2368.155,2368.379,2353.076,2356.314,2481363500
2017-03-29,2357.998,2363.77,2349.125,2352.694,2901854900
2017-03-30,2350.92,2356.437,2335.231,2346.667,3111306600
2017-03-31,2344.96,2361.316,2340.772,2359.752,2950514600
2017-04-05,2369.489,2384.68,2365.34,2384.264,4007544200
2017-04-06,2384.432,2395.121,2376.146,2390.389,3932500300
2017-04-07,2390.914,2394.052,2379.333,2388.271,3624863000
2017-04-10,2388.563,2391.948,2377.432,2379.157,3125802600
2017-04-11,2374.923,2385.053,2354.019,2382.109,3920082600
2017-04-12,2378.928,2385.613,2362.431,2378.863,3364031600
2017-04-13,2369.607,2373.37,2364.442,2368.106,2279306000
2017-04-14,2367.784,2368.802,2344.609,2355.52,2431896900
2017-04-17,2348.751,2359.184,2334.893,2357.523,2637625000
2017-04-18,2352.513,2352.791,2336.771,2337.351,2375365600
2017-04-19,2331.66,2335.99,2311.659,2325.042,2791943500
2017-04-20,2324.366,2336.544,2320.997,2335.647,2657672500
2017-04-21,2336.445,2350.87,2333.234,2347.675,2707371200
2017-04-24,2344.192,2344.192,2323.668,2341.93,3109300700
2017-04-25,2337.521,2348.603,2334.004,2344.741,1938294300
2017-04-26,2345.628,2360.282,2338.856,2344.505,2647062200
2017-04-27,2337.456,2352.681,2327.475,2351.64,2983407600
2017-04-28,2348.288,2348.288,2331.824,2347.039,2073368300
2017-05-02,2341.748,2350.515,2334.882,2336.792,1621832100
2017-05-03,2335.821,2342.143,2324.192,2329.766,1874768500
2017-05-04,2325.008,2332.09,2317.137,2325.433,2076741000
2017-05-05,2318.922,2320.602,2297.449,2320.602,3095107400
2017-05-08,2309.244,2326.097,2298.318,2326.097,3465012300
2017-05-09,2312.85,2320.295,2307.868,2316.294,1615731500
2017-05-10,2315.561,2337.047,2315.561,2324.922,2231892600
2017-05-11,2318.049,2342.185,2313.833,2339.29,2839544100
2017-05-12,2336.607,2375.639,2335.375,2375.45,2890678400
2017-05-15,2380.274,2394.517,2378.974,2381.752,2341241000
2017-05-16,2376.905,2381.732,2362.113,2381.317,2389204700
2017-05-17,2377.121,2378.987,2361.629,2363.559,2085822500
2017-05-18,2348.872,2361.016,2347.377,2354.753,1712123100
2017-05-19,2351.52,2363.357,2351.52,2361.662,1430456800
2017-05-22,2359.969,2384.157,2358.781,2381.553,2278023100
2017-05-23,2378.744,2412.026,2376.643,2411.8,3462055600
2017-05-24,2402.518,2413.421,2382.187,2407.571,2277433200
2017-05-25,2399.36,2476.909,2399.274,2473.495,5036333500
2017-05-26,2467.902,2483.747,2462.234,2471.214,3098973300
2017-05-31,2470.935,2502.846,2462.258,2479.078,2987834400
2017-06-01,2476.205,2497.687,2465.476,2496.448,3076633000
2017-06-02,2494.369,2499.705,2472.65,2475.464,2366414800
2017-06-05,2468.937,2473.357,2442.269,2450.346,2873585700
2017-06-06,2447.04,2466.313,2444.193,2466.006,1746732200
2017-06-07,2468.551,2492.985,2464.189,2484.033,2713840800
2017-06-08,2481.165,2508.935,2475.745,2507.034,2207086000
2017-06-09,2506.758,2536.993,2504.9,2519.273,3377330900
2017-06-12,2515.576,2545.037,2512.143,2521.168,2572086900
2017-06-13,2517.333,2519.148,2499.73,2515.143,1748792100
2017-06-14,2505.064,2505.201,2471.618,2477.317,2184110800
2017-06-15,2474.262,2481.8,2453.134,2461.974,2070254500
2017-06-16,2454.841,2466.692,2448.311,2452.79,1651804400
2017-06-19,2455.031,2486.314,2453.35,2484.116,2059400400
2017-06-20,2489.2,2492.222,2467.766,2474.425,1777115300
2017-06-21,2487.852,2498.19,2468.514,2497.254,2035421700
2017-06-22,2491.924,2544.667,2491.924,2516.673,4374394400
2017-06-23,2510.711,2530.56,2496.661,2529.098,2940395100
2017-06-26,2531.281,2560.107,2531.281,2543.321,3971674800
2017-06-27,2541.686,2558.097,2529.239,2554.7,2698471300
2017-06-28,2548.157,2560.856,2537.235,2537.636,2819497000
2017-06-29,2541.348,2554.798,2532.462,2552.975,1975437600
2017-06-30,2543.787,2552.922,2533.86,2549.968,1867717700
2017-07-03,2550.497,2550.497,2522.744,2534.368,1830421300
2017-07-04,2531.526,2531.606,2506.682,2511.151,2354712800
2017-07-05,2508.813,2551.408,2507.921,2548.099,2060765400
2017-07-06,2543.909,2561.636,2534.121,2553.879,2223462400
2017-07-07,2542.909,2546.776,2527.548,2543.658,2251006200
2017-07-10,2538.158,2557.473,2530.928,2550.115,2530514500
2017-07-11,2543.72,2592.058,2543.049,2570.592,3396822800
2017-07-12,2570.913,2604.197,2555.384,2565.143,3707059500
2017-07-13,2565.594,2601.467,2563.221,2600.954,4287157400
2017-07-14,2600.764,2623.315,2593.43,2622.984,3365328500
2017-07-17,2627.375,2663.284,2594.425,2631.414,6086594900
2017-07-18,2619.23,2637.532,2596.122,2624.308,3943504000
2017-07-19,2621.112,2661.659,2618.369,2657.888,4868889700
2017-07-20,2653.379,2666.045,2643.642,2665.448,3758073300
2017-07-21,2655.228,2661.476,2634.995,2639.213,2971556200
2017-07-24,2636.551,2666.652,2632.758,2654.379,3305656600
2017-07-25,2656.477,2667.786,2639.606,2643.073,3418541300
2017-07-26,2642.259,2665.149,2617.546,2636.201,3544725600
2017-07-27,2631.998,2638.94,2610.576,2636.626,3067012600
2017-07-28,2627.159,2642.691,2619.036,2636.394,2193446500
2017-07-31,2633.882,2649.294,2626.183,2638.124,2864776300
2017-08-01,2640.867,2681.935,2638.021,2681.805,3382050700
2017-08-02,2679.336,2696.642,2675.202,2680.631,4222237700
2017-08-03,2676.348,2689.939,2644.987,2646.216,3181516800
2017-08-04,2644.446,2653.813,2627.248,2627.803,2795995200
2017-08-07,2621.546,2641.341,2613.825,2634.176,2608610900
2017-08-08,2632.044,2639.242,2622.261,2635.184,2578246800
2017-08-09,2630.67,2634.435,2618.813,2620.381,2470791100
2017-08-10,2617.989,2635.351,2590.864,2611.341,2817147900
2017-08-11,2592.038,2599.712,2566.573,2570.257,3517096000
2017-08-14,2572.301,2598.379,2567.601,2591.454,2611890000
2017-08-15,2593.072,2623.084,2592.924,2605.242,2790097600
2017-08-16,2601.471,2602.099,2586.335,2595.002,2035181100
2017-08-17,2599.042,2606.685,2591.542,2604.084,2057110500
2017-08-18,2601.885,2621.969,2595.865,2613.265,1989782800
2017-08-21,2619.038,2628.802,2610.257,2616.825,1943687200
2017-08-22,2624.411,2644.198,2620.159,2643.503,2711818200
2017-08-23,2641.792,2673.385,2639.662,2659.78,3469179400
2017-08-24,2659.652,2675.198,2641.825,2646.402,2993921100
2017-08-25,2645.449,2706.704,2645.449,2706.242,4749375100
2017-08-28,2715.47,2766.79,2715.47,2736.462,6050109800
2017-08-29,2734.446,2746.103,2726.218,2739.129,3526228400
2017-08-30,2739.995,2762.067,2720.656,2728.231,4205280300
2017-08-31,2729.469,2735.426,2701.885,2714.631,4018223400
2017-09-01,2716.054,2734.768,2700.162,2710.119,4309329600
2017-09-04,2703.33,2713.729,2691.775,2711.348,3319628900
2017-09-05,2712.761,2738.594,2711.174,2729.848,3053478800
2017-09-06,2721.948,2725.24,2703.652,2714.331,3113793300
2017-09-07,2716.125,2717.556,2690.877,2691.829,2763611100
2017-09-08,2692.798,2701.57,2681.443,2686.69,2447129200
2017-09-11,2691.336,2708.422,2673.623,2674.75,2908410100
2017-09-12,2682.249,2695.525,2672.285,2692.54,3078832300
2017-09-13,2690.56,2694.414,2676.249,2687.671,2119772000
2017-09-14,2688.4,2694.775,2666.817,2672.836,2858673700
2017-09-15,2669.653,2677.533,2659.733,2668.376,3464898000
2017-09-18,2670.198,2694.059,2670.198,2674.176,3313463900
2017-09-19,2680.716,2687.184,2661.61,2670.691,3008735900
2017-09-20,2667.24,2675.211,2661.868,2662.627,2536794000
2017-09-21,2664.053,2690.36,2660.531,2675.551,3175345200
2017-09-22,2666.666,2686.409,2662.838,2679.053,2635975000
2017-09-25,2672.945,2682.75,2667.306,2680.652,3198142000
2017-09-26,2673.545,2681.233,2673.397,2678.991,1928317700
2017-09-27,2674.41,2677.744,2659.596,2661.553,2005863700
2017-09-28,2661.541,2663.695,2653.465,2661.283,2166188100
2017-09-29,2661.523,2682.17,2660.858,2672.327,2020466800
2017-10-09,2736.835,2743.364,2688.538,2692.077,4148929200
2017-10-10,2693.251,2711.307,2671.943,2695.537,2997472700
2017-10-11,2694.498,2717.328,2692.769,2707.522,2459848300
2017-10-12,2706.42,2724.835,2702.313,2718.351,2392287700
2017-10-13,2716.004,2722.231,2711.954,2713.377,1927340900
2017-10-16,2719.31,2741.097,2715.051,2726.642,2557589800
2017-10-17,2725.2,2734.307,2716.404,2723.535,1797980900
2017-10-18,2725.667,2753.923,2723.763,2753.011,2826082100
2017-10-19,2750.636,2756.035,2743.134,2756.035,2861786900
2017-10-20,2744.495,2746.229,2733.72,2737.641,1609842100
2017-10-23,2744.325,2746.999,2732.632,2734.368,1954603500
2017-10-24,2732.944,2762.594,2730.841,2753.649,2487082700
2017-10-25,2753.93,2756.763,2746.267,2752.139,1964672200
2017-10-26,2760.065,2788.656,2753.727,2771.044,4147318800
2017-10-27,2770.529,2815.419,2769.427,2814.272,4030195600
2017-10-30,2812.238,2822.589,2780.045,2809.107,4800487900
2017-10-31,2795.538,2797.788,2785.158,2793.712,3237037100
2017-11-01,2795.192,2816.295,2782.061,2789.402,4620413200
2017-11-02,2788.114,2796.431,2771.153,2794.102,3752686800
2017-11-03,2789.54,2803.314,2770.125,2800.469,3890616000
2017-11-06,2798.472,2798.472,2776.949,2792.224,3326891000
2017-11-07,2794.193,2832.138,2792.701,2821.956,4936828000
2017-11-08,2818.67,2846.3,2811.106,2819.957,4476853000
2017-11-09,2814.568,2834.51,2809.957,2832.961,3270423200
2017-11-10,2828.122,2867.062,2827.74,2862.343,4419833800
2017-11-13,2865.783,2885.702,2865.721,2873.515,4845904900
2017-11-14,2876.748,2882.792,2853.777,2861.423,3603716000
2017-11-15,2848.767,2864.366,2839.461,2850.05,3297420900
2017-11-16,2840.362,2880.983,2840.362,2879.398,3205182400
2017-11-17,2868.519,2940.774,2867.586,2938.798,6847202300
2017-11-20,2916.738,2942.14,2897.205,2941.153,4384076500
2017-11-21,2928.924,3012.894,2927.61,2987.173,6364868200
2017-11-22,3001.951,3038.276,2989.817,3012.355,7455572900
2017-11-23,3003.777,3018.26,2919.652,2940.726,6699098600
2017-11-24,2934.447,2949.794,2907.1,2936.834,4542629600
2017-11-27,2928.358,2928.863,2885.604,2917.306,5018719700
2017-11-28,2900.078,2908.365,2872.534,2897.107,3069371000
2017-11-29,2905.331,2914.067,2855.853,2893.283,3600523700
2017-11-30,2878.525,2895.528,2850.312,2863.447,3580217800
2017-12-01,2861.897,2867.115,2834.262,2842.184,3078984400
2017-12-04,2829.811,2868.294,2823.936,2861.361,2691190100
2017-12-05,2852.82,2922.328,2851.317,2910.476,5959997200
2017-12-06,2897.225,2897.225,2845.135,2875.732,3169388300
2017-12-07,2868.204,2875.741,2828.234,2848.888,2794052700
2017-12-08,2843.202,2872.821,2832.798,2865.341,2536492700
2017-12-11,2862.606,2900.167,2857.983,2899.104,2868775100
2017-12-12,2897.665,2900.274,2849.392,2850.197,2608653100
2017-12-13,2850.468,2879.405,2834.928,2872.94,2238164900
2017-12-14,2874.946,2878.321,2841.921,2850.046,2276671900
2017-12-15,2844.102,2846.517,2817.318,2820.167,2666741800
2017-12-18,2821.419,2842.814,2815.82,2829.059,2070257300
2017-12-19,2829.549,2873.601,2827.438,2873.03,2378916800
2017-12-20,2874.055,2887.232,2861.538,2879.643,2845812300
2017-12-21,2871.683,2906.807,2862.229,2895.366,2578156100
2017-12-22,2891.721,2897.034,2876.017,2880.773,1895688000
2017-12-25,2882.278,2915.609,2868.861,2880.097,2631409900
2017-12-26,2878.754,2897.618,2868.604,2894.336,2700102300
2017-12-27,2886.7,2889.309,2832.023,2839.635,3213867600
2017-12-28,2842.731,2870.894,2829.542,2859.054,3435148200
2017-12-29,2861.919,2876.192,2849.679,2860.436,2863140000
2018-01-02,2867.528,2912.269,2867.528,2908.732,5400866800
2018-01-03,2914.279,2947.631,2906.598,2913.26,4820686500
2018-01-04,2918.256,2934.152,2910.662,2919.479,4352071100
2018-01-05,2926.778,2940.18,2920.084,2932.356,4994334800
2018-01-08,2933.825,2952.344,2926.871,2947.761,5805279300
2018-01-09,2947.55,2972.425,2947.116,2969.318,4058903400
2018-01-10,2968.344,2999.748,2966.181,2995.564,5776385000
2018-01-11,2986.792,3009.992,2981.335,2997.045,4235182100
2018-01-12,2997.901,3019.702,2993.565,3018.596,3816829600
2018-01-15,3027.203,3070.939,3022.472,3048.808,6498882100
2018-01-16,3041.364,3065.187,3035.768,3063.861,6426246800
2018-01-17,3071.499,3132.993,3060.219,3076.182,9106633000
2018-01-18,3096.201,3125.863,3084.279,3106.552,8770692600
2018-01-19,3122.672,3145.994,3100.407,3117.821,9495530200
2018-01-22,3104.959,3144.851,3104.405,3130.33,7746585200
2018-01-23,3145.108,3177.763,3144.281,3176.504,10169189900
2018-01-24,3189.768,3202.47,3150.553,3180.332,9913066700
2018-01-25,3171.35,3177.407,3124.456,3157.459,7736397600
2018-01-26,3147.478,3195.072,3147.478,3172.778,8216463700
2018-01-29,3184.298,3197.84,3107.956,3120.695,7292021400
2018-01-30,3109.185,3127.751,3077.314,3079.118,5427594400
2018-01-31,3063.234,3118.762,3062.528,3116.833,5560739700
2018-02-01,3120.133,3141.769,3101.339,3141.23,7219328700
2018-02-02,3113.299,3150.697,3082.994,3149.641,5290143600
2018-02-05,3098.672,3181.594,3095.987,3181.339,7160734800
2018-02-06,3114.347,3140.032,3094.493,3117.491,9864662200
2018-02-07,3147.323,3166.698,3020.393,3029.601,9470049200
2018-02-08,2998.603,3019.275,2911.403,2945.844,7311784600
2018-02-09,2857.433,2871.544,2724.592,2810.027,9192589900
2018-02-12,2803.859,2823.807,2776.958,2805.211,4629000400
2018-02-13,2834.39,2887.893,2834.39,2852.717,4662221100
2018-02-14,2859.866,2877.037,2841.239,2871.787,2534981400
2018-02-22,2915.969,2936.846,2900.873,2931.882,3929775300
2018-02-23,2941.421,2966.752,2926.363,2957.171,3820748900
2018-02-26,2973.814,2986.813,2933.516,2973.786,5021402700
2018-02-27,2979.768,2979.768,2918.007,2927.097,4620143500
2018-02-28,2899.002,2905.573,2866.462,2878.667,3875813400
2018-03-01,2859.09,2907.268,2852.492,2891.298,3228488800
2018-03-02,2864.175,2887.893,2852.012,2864.183,2986451700
2018-03-05,2865.202,2889.738,2846.932,2863.991,2996714900
2018-03-06,2878.918,2893.462,2838.609,2892.475,4759357600
2018-03-07,2892.442,2921.442,2868.036,2878.151,3791765800
2018-03-08,2878.82,2903.053,2865.552,2898.254,2896303700
2018-03-09,2907.042,2916.553,2891.868,2908.197,3150449000
2018-03-12,2922.618,2927.508,2897.236,2909.579,4498507600
2018-03-13,2909.248,2921.307,2878.2,2883.377,4060760300
2018-03-14,2871.723,2879.537,2860.97,2871.334,3088630100
2018-03-15,2860.414,2895.612,2860.414,2894.983,2626007500
2018-03-16,2895.506,2911.194,2869.967,2870.732,2719210100
2018-03-19,2870.365,2898.235,2856.171,2897.256,2604293000
2018-03-20,2878.953,2907.523,2877.1,2904.397,2712940300
2018-03-21,2929.0,2932.218,2879.525,2894.184,3338876200
2018-03-22,2894.129,2902.767,2851.294,2866.67,3050580800
2018-03-23,2786.531,2800.247,2754.66,2791.467,6262325100
2018-03-26,2767.364,2773.538,2709.568,2738.868,4274221000
2018-03-27,2775.635,2780.839,2726.36,2747.587,3921166400
2018-03-28,2714.874,2746.88,2687.957,2694.826,3458348600
2018-03-29,2699.136,2757.779,2657.492,2738.791,4235391900
2018-03-30,2735.624,2740.819,2714.767,2722.153,3168191800
2018-04-02,2717.118,2754.651,2707.633,2711.374,3469871900
2018-04-03,2690.633,2709.908,2683.048,2697.272,2862816200
2018-04-04,2706.421,2730.248,2698.886,2702.369,2673225800
2018-04-09,2706.329,2721.591,2688.831,2715.732,2629354900
2018-04-10,2719.517,2781.269,2710.868,2780.804,3808253500
2018-04-11,2782.671,2803.881,2767.377,2785.339,3898881100
2018-04-12,2785.121,2785.307,2747.772,2749.699,2611214800
2018-04-13,2765.67,2771.032,2724.166,2726.396,2175001400
2018-04-16,2716.579,2723.58,2656.52,2664.705,3674875700
2018-04-17,2669.265,2683.496,2633.592,2635.703,2713975100
2018-04-18,2666.617,2668.789,2623.974,2653.769,3154990300
2018-04-19,2661.301,2693.136,2656.149,2682.552,2602567700
2018-04-20,2672.358,2677.921,2632.747,2647.376,2813964700
2018-04-23,2637.071,2671.01,2636.677,2664.918,2532125100
2018-04-24,2669.61,2737.206,2669.61,2722.847,3944528900
2018-04-25,2707.71,2717.314,2696.222,2702.98,2350129300
2018-04-26,2712.517,2717.569,2652.423,2666.024,2353313500
2018-04-27,2672.636,2675.096,2613.527,2653.544,2837524800
2018-05-02,2662.079,2667.962,2637.061,2652.731,2665940200
2018-05-03,2643.966,2671.245,2626.54,2663.975,2622235000
2018-05-04,2659.272,2669.698,2643.257,2646.355,2076166300
2018-05-07,2649.1,2686.221,2638.168,2683.849,2660801000
2018-05-08,2683.841,2736.757,2682.794,2722.88,3164436400
2018-05-09,2723.086,2725.196,2706.481,2717.239,2026491600
2018-05-10,2727.516,2738.629,2712.474,2729.4,1960917500
2018-05-11,2737.228,2738.646,2720.547,2724.716,2348888500
2018-05-14,2736.975,2761.495,2736.035,2753.535,2706150100
2018-05-15,2760.198,2760.568,2731.567,2750.831,2252642200
2018-05-16,2739.895,2744.618,2714.264,2716.782,2180867900
2018-05-17,2720.772,2724.39,2698.171,2700.877,1674690700
2018-05-18,2697.717,2741.014,2690.992,2740.535,2292726700
2018-05-21,2753.879,2761.723,2739.682,2745.804,2776658200
2018-05-22,2744.324,2744.324,2711.06,2728.0,2334029500
2018-05-23,2721.021,2721.021,2683.586,2683.693,2542659400
2018-05-24,2684.132,2691.034,2664.123,2665.676,1973268900
2018-05-25,2663.321,2679.849,2650.339,2661.291,1994220500
2018-05-28,2661.208,2682.781,2650.398,2673.199,1853303900
2018-05-29,2666.83,2676.683,2642.867,2663.403,2689562400
2018-05-30,2632.713,2637.192,2604.906,2605.901,2420898600
2018-05-31,2626.938,2661.657,2624.672,2658.292,2650681000
2018-06-01,2652.251,2664.311,2637.374,2647.187,2038762400
2018-06-04,2664.845,2697.752,2658.568,2694.577,2254628800
2018-06-05,2697.693,2712.116,2680.242,2707.017,2221440500
2018-06-06,2702.712,2703.414,2688.329,2692.181,2052311800
2018-06-07,2697.512,2717.064,2693.105,2695.237,2351103000
2018-06-08,2686.093,2686.154,2637.363,2652.082,2603121200
2018-06-11,2644.427,2665.932,2633.082,2660.408,1977501800
2018-06-12,2662.387,2691.966,2650.974,2687.702,1964300800
2018-06-13,2681.313,2686.068,2662.748,2671.627,1938716500
2018-06-14,2662.234,2691.045,2659.574,2671.298,2135695700
2018-06-15,2657.59,2677.311,2657.506,2667.975,2561838900
2018-06-19,2638.395,2646.64,2571.692,2599.78,5757435500
2018-06-20,2588.119,2607.467,2567.498,2598.328,2383085500
2018-06-21,2597.303,2628.038,2575.174,2579.052,2463238600
2018-06-22,2564.868,2586.334,2553.299,2583.708,1965883400
2018-06-25,2593.625,2595.989,2535.122,2536.46,2344308400
2018-06-26,2516.083,2519.161,2470.146,2506.717,2645010000
2018-06-27,2500.066,2512.586,2438.043,2452.639,2742691900
2018-06-28,2431.86,2461.174,2418.295,2425.176,2285604900
2018-06-29,2431.809,2481.323,2429.594,2479.912,2076265300
2018-07-02,2473.312,2473.734,2370.4,2386.377,2610815100
2018-07-03,2389.36,2395.08,2331.84,2388.976,2907468000
2018-07-04,2381.253,2403.511,2365.894,2368.425,1966447700
2018-07-05,2370.863,2398.565,2352.975,2374.355,2526863900
2018-07-06,2378.869,2422.404,2349.476,2402.617,2492203000
2018-07-09,2410.517,2471.798,2410.517,2471.285,2433336600
2018-07-10,2475.978,2477.845,2448.861,2471.23,2137346000
2018-07-11,2420.179,2443.346,2409.311,2432.279,2085190100
2018-07-12,2425.666,2490.444,2425.666,2474.625,2732409300
2018-07-13,2480.821,2481.557,2464.949,2476.864,1983210000
2018-07-16,2471.152,2484.171,2438.86,2448.765,1987246200
2018-07-17,2443.548,2446.098,2414.352,2430.445,1666643300
2018-07-18,2437.376,2458.48,2419.316,2420.759,1780746500
2018-07-19,2432.892,2452.445,2418.66,2426.163,2044605400
2018-07-20,2426.097,2506.936,2409.053,2493.765,3445347100
2018-07-23,2482.048,2533.774,2478.188,2526.813,3962566300
2018-07-24,2534.072,2579.593,2534.072,2563.584,4883341600
2018-07-25,2573.929,2573.959,2550.966,2563.687,2650728100
2018-07-26,2570.484,2578.715,2525.667,2530.991,2532843100
2018-07-27,2529.66,2541.225,2515.889,2525.092,1896672800
2018-07-30,2525.381,2562.761,2515.553,2541.308,2450625500
2018-07-31,2537.029,2553.807,2521.82,2545.124,2024192900
2018-08-01,2557.605,2570.312,2489.125,2490.245,2737226900
2018-08-02,2483.757,2485.408,2412.961,2440.313,2960110900
2018-08-03,2438.844,2452.067,2413.251,2413.503,2154621300
2018-08-06,2417.302,2448.977,2393.682,2406.537,2572304100
2018-08-07,2416.012,2480.096,2407.643,2479.78,2975211000
2018-08-08,2476.401,2481.843,2443.068,2446.998,2359092900
2018-08-09,2437.449,2510.359,2435.794,2504.617,2657695900
2018-08-10,2505.31,2518.109,2485.976,2503.206,1942120900
2018-08-13,2480.101,2485.234,2442.228,2478.509,2294184900
2018-08-14,2475.467,2482.705,2454.985,2469.2,1707193100
2018-08-15,2467.247,2467.446,2405.604,2408.722,1975617300
2018-08-16,2381.009,2430.917,2367.048,2405.164,2549871800
2018-08-17,2427.471,2429.678,2370.041,2374.173,2062984800
2018-08-20,2386.143,2409.129,2370.824,2409.129,2300128300
2018-08-21,2411.983,2461.136,2410.888,2452.383,2435895500
2018-08-22,2461.401,2461.401,2438.942,2450.154,1605291600
2018-08-23,2453.655,2474.689,2435.16,2461.067,1885643000
2018-08-24,2449.372,2496.385,2438.721,2471.999,2076060800
2018-08-27,2484.409,2522.34,2482.517,2522.34,2838508200
2018-08-28,2524.922,2530.497,2503.806,2511.145,2140162700
2018-08-29,2506.149,2515.002,2497.819,2503.48,1818397700
2018-08-30,2506.53,2519.401,2479.21,2479.21,1823355200
2018-08-31,2462.796,2490.46,2455.985,2474.477,2622178100
2018-09-03,2461.86,2470.514,2445.873,2465.88,1830665500
2018-09-04,2467.253,2507.037,2451.72,2500.438,2059380500
2018-09-05,2488.904,2493.473,2441.23,2441.23,2131644400
2018-09-06,2432.395,2449.832,2408.934,2416.033,2087391100
2018-09-07,2424.417,2458.258,2416.162,2437.677,1836083000
2018-09-10,2431.178,2440.107,2410.786,2413.426,1804125700
2018-09-11,2412.181,2422.942,2387.643,2398.768,1811110100
2018-09-12,2389.285,2398.728,2373.036,2381.388,1684524500
2018-09-13,2413.41,2419.999,2381.025,2415.312,2147199100
2018-09-14,2421.66,2434.674,2410.663,2425.421,1639188300
2018-09-17,2411.377,2418.139,2397.937,2399.881,1368429300
2018-09-18,2391.946,2459.77,2391.728,2458.768,2289194200
2018-09-19,2455.442,2505.003,2452.58,2487.077,2897384800
2018-09-20,2492.395,2503.1,2480.536,2487.422,2294844100
2018-09-21,2495.738,2573.603,2485.412,2573.603,4175327800
2018-09-25,2545.214,2560.717,2536.428,2547.791,2432129000
2018-09-26,2555.921,2610.59,2553.166,2582.767,3370433800
2018-09-27,2582.116,2584.067,2561.576,2575.449,2295330900
2018-09-28,2580.656,2618.825,2577.983,2606.668,2878034500
2018-10-08,2544.491,2548.894,2481.183,2486.822,3370775200
2018-10-09,2481.589,2506.267,2476.346,2491.663,2166862000
2018-10-10,2495.86,2518.607,2472.19,2494.056,2042109500
2018-10-11,2412.221,2446.374,2369.025,2390.503,3693148600
2018-10-12,2398.18,2452.687,2390.994,2444.131,2900053300
2018-10-15,2443.731,2448.257,2407.548,2412.479,2054321600
2018-10-16,2414.317,2459.878,2407.003,2415.492,1983219900
2018-10-17,2446.478,2451.187,2384.142,2429.215,2485413000
2018-10-18,2416.372,2416.372,2367.714,2369.068,2276504600
2018-10-19,2353.836,2451.758,2344.981,2446.32,3138254800
2018-10-22,2463.493,2566.627,2463.493,2540.152,4632806800
2018-10-23,2539.651,2544.296,2451.67,2464.812,3541862300
2018-10-24,2459.32,2530.774,2459.212,2477.488,3702758100
2018-10-25,2419.113,2486.758,2415.487,2485.099,3113003900
2018-10-26,2486.997,2499.758,2445.829,2468.91,2879333500
2018-10-29,2461.924,2465.369,2377.985,2389.577,2872827700
2018-10-30,2380.467,2449.285,2378.818,2415.649,3246478600
2018-10-31,2424.161,2460.837,2413.337,2451.121,3450076300
2018-11-01,2474.267,2500.125,2455.732,2460.162,3769439000
2018-11-02,2522.39,2544.187,2489.067,2542.768,4732880400
2018-11-05,2520.877,2524.652,2489.593,2511.59,2826235900
2018-11-06,2507.359,2509.64,2478.376,2499.679,2210240000
2018-11-07,2503.681,2521.151,2479.249,2482.334,2615856400
2018-11-08,2507.593,2511.005,2480.328,2485.998,2031124600
2018-11-09,2469.89,2469.89,2434.081,2434.212,2803674200
2018-11-12,2426.827,2447.462,2419.967,2444.967,2290729900
2018-11-13,2415.299,2474.823,2413.776,2462.973,2768189800
2018-11-14,2462.178,2462.178,2425.967,2429.986,2701656500
2018-11-15,2430.187,2459.435,2427.067,2459.141,2474501700
2018-11-16,2458.477,2482.441,2443.117,2461.445,3150058300
2018-11-19,2466.43,2492.084,2461.795,2492.084,2972015300
2018-11-20,2475.228,2484.013,2441.849,2446.791,2694532200
2018-11-21,2425.716,2454.46,2425.232,2451.272,2190453400
2018-11-22,2455.771,2456.913,2426.123,2437.639,1642482800
2018-11-23,2433.535,2441.318,2398.727,2399.203,2121988900
2018-11-26,2409.468,2423.462,2393.979,2401.898,1621533900
2018-11-27,2407.227,2416.438,2387.927,2394.294,1496893600
2018-11-28,2396.295,2426.66,2394.251,2421.134,1705968600
2018-11-29,2437.92,2441.416,2401.852,2401.852,1984535300
2018-11-30,2403.231,2430.65,2402.544,2428.045,1932253400
2018-12-03,2492.433,2500.568,2467.935,2488.057,3536961200
2018-12-04,2488.575,2496.814,2476.908,2496.143,2384960500
2018-12-05,2467.555,2492.316,2465.252,2481.792,2048360900
2018-12-06,2453.563,2460.231,2431.865,2434.491,2167120500
2018-12-07,2441.375,2444.985,2427.887,2430.722,1453465300
2018-12-10,2410.167,2425.735,2399.323,2408.606,1758651500
2018-12-11,2408.916,2420.521,2405.865,2415.578,1288550500
2018-12-12,2437.606,2437.606,2414.331,2423.318,1423084600
2018-12-13,2429.388,2469.7,2423.57,2457.905,2808551000
2018-12-14,2446.81,2448.798,2423.088,2423.381,2585535700
2018-12-17,2420.576,2430.889,2409.009,2425.945,2117099700
2018-12-18,2409.576,2427.685,2388.983,2397.868,2068126900
2018-12-19,2401.908,2403.895,2366.4,2369.548,1866463300
2018-12-20,2363.004,2372.374,2319.096,2334.922,2689346100
2018-12-21,2325.978,2327.437,2288.405,2306.145,2475280700
2018-12-24,2293.748,2311.735,2286.989,2309.233,1831829600
2018-12-25,2285.66,2308.605,2256.471,2297.333,2400326200
2018-12-26,2293.288,2303.197,2278.294,2281.558,1578716400
2018-12-27,2310.81,2313.046,2275.037,2276.057,2675621500
2018-12-28,2279.699,2305.908,2278.249,2293.099,2427734800
2019-01-02,2298.181,2301.055,2252.748,2262.791,2088069700
2019-01-03,2259.483,2287.778,2253.943,2269.243,1889524000
2019-01-04,2252.745,2316.353,2249.366,2314.647,2590059600
2019-01-07,2329.032,2331.603,2306.898,2314.319,2527894800
2019-01-08,2312.171,2312.171,2298.955,2305.171,1813116000
2019-01-09,2320.912,2360.36,2318.435,2332.719,2874759600
2019-01-10,2333.216,2345.331,2321.305,2331.851,2228050700
2019-01-11,2342.024,2360.061,2334.915,2354.499,1841769300
2019-01-14,2350.256,2354.308,2330.004,2331.136,1646225200
2019-01-15,2337.702,2380.6,2332.41,2378.37,2246633600
2019-01-16,2375.171,2385.216,2366.345,2381.218,1809703900
2019-01-17,2388.593,2396.799,2370.581,2371.348,2155500000
2019-01-18,2385.622,2422.029,2380.562,2417.363,3008820000
2019-01-21,2418.005,2443.225,2418.005,2432.487,2623723600
2019-01-22,2430.435,2430.435,2394.185,2401.233,1937313700
2019-01-23,2397.409,2414.024,2392.642,2397.049,1629013500
2019-01-24,2401.376,2414.888,2385.099,2411.562,2041569700
2019-01-25,2419.256,2453.666,2418.009,2441.64,2568367900
2019-01-28,2455.276,2473.119,2429.88,2437.026,2346816300
2019-01-29,2433.306,2461.518,2423.461,2455.897,2186348000
2019-01-30,2445.865,2462.606,2439.332,2440.015,1783517000
2019-01-31,2454.644,2487.097,2450.184,2483.471,2668129800
2019-02-01,2502.104,2503.553,2479.338,2499.644,2195005400
2019-02-11,2485.503,2528.384,2484.648,2527.474,2521157000
2019-02-12,2528.103,2537.294,2515.026,2533.182,2545880400
2019-02-13,2538.416,2587.876,2528.226,2580.612,3982183200
2019-02-14,2572.642,2585.508,2564.871,2576.306,2771851500
2019-02-15,2566.337,2568.786,2515.888,2517.462,3031579600
2019-02-18,2540.532,2583.397,2540.296,2582.851,3740059200
2019-02-19,2586.858,2614.365,2568.176,2579.046,3790737900
2019-02-20,2593.789,2599.545,2569.983,2588.166,2996518100
2019-02-21,2586.739,2615.47,2569.475,2577.226,3525285500
2019-02-22,2575.998,2623.093,2555.726,2623.074,4138415100
2019-02-25,2652.906,2788.667,2652.906,2787.699,9693905100
2019-02-26,2781.309,2804.163,2729.476,2733.901,8723016100
2019-02-27,2739.111,2794.932,2722.309,2750.339,7550886500
2019-02-28,2749.87,2767.861,2733.03,2743.972,4634095900
2019-03-01,2764.946,2819.468,2747.213,2819.468,5610014700
2019-03-04,2839.405,2907.818,2816.979,2832.588,9218016700
2019-03-05,2829.5,2835.106,2807.123,2828.869,6034923500
2019-03-06,2827.857,2847.378,2797.502,2840.272,6949222400
2019-03-07,2831.361,2831.361,2773.353,2789.7,7326395900
2019-03-08,2731.53,2753.553,2684.197,2685.592,7203392800
2019-03-11,2683.765,2714.089,2670.793,2708.598,5201405200
2019-03-12,2730.529,2759.609,2704.693,2719.773,6486754400
2019-03-13,2731.501,2747.957,2699.98,2723.962,5406457100
2019-03-14,2720.188,2752.661,2716.269,2729.132,4347181300
2019-03-15,2735.999,2783.507,2735.863,2755.805,4412309600
2019-03-18,2763.225,2827.26,2749.199,2825.184,6160523500
2019-03-19,2830.242,2842.445,2797.717,2806.896,4345905600
2019-03-20,2799.325,2831.625,2787.283,2812.918,4032224700
2019-03-21,2816.452,2822.634,2799.834,2802.965,4363138500
2019-03-22,2804.718,2813.515,2771.956,2795.391,3598807000
2019-03-25,2757.81,2765.842,2717.294,2718.181,5214091500
2019-03-26,2737.372,2739.286,2693.911,2706.154,4007395500
2019-03-27,2721.138,2751.722,2714.095,2741.591,3354201800
2019-03-28,2728.045,2742.701,2709.387,2733.974,3184030300
2019-03-29,2747.542,2845.228,2746.113,2838.505,5967666900
2019-04-01,2860.144,2906.151,2860.144,2892.619,7791214600
2019-04-02,2900.631,2903.869,2878.395,2888.53,6118746100
2019-04-03,2869.846,2923.922,2865.296,2920.001,6472374900
2019-04-04,2927.101,2959.59,2921.204,2951.985,7303571600
2019-04-08,2978.503,3007.83,2938.646,2962.275,7453190900
2019-04-09,2968.078,2980.123,2948.306,2967.514,5080214200
2019-04-10,2957.271,2996.407,2941.348,2979.099,4869243800
2019-04-11,2982.393,3000.095,2920.194,2928.427,4281114400
2019-04-12,2920.553,2933.446,2903.268,2920.515,3252163300
2019-04-15,2973.022,2999.326,2924.602,2924.926,5843752800
2019-04-16,2914.99,3023.025,2909.665,3023.025,7076416300
2019-04-17,3017.395,3035.405,2996.761,3017.416,4996067500
2019-04-18,3014.915,3019.545,2993.274,3004.925,3967068400
2019-04-19,3013.672,3043.926,2989.548,3042.432,3994367200
2019-04-22,3047.426,3048.824,2962.359,2970.488,5675969700
2019-04-23,2967.996,3007.354,2964.978,2978.845,4106545600
2019-04-24,2989.959,3001.534,2933.528,2974.847,3542572900
2019-04-25,2962.741,2973.223,2924.025,2927.995,3893448300
2019-04-26,2913.775,2930.209,2892.528,2892.857,3656219700
2019-04-29,2906.469,2968.162,2899.827,2939.405,3924935500
2019-04-30,2935.241,2955.884,2919.494,2945.244,3212798300
2019-05-06,2853.885,2867.597,2768.801,2805.035,6243606300
2019-05-07,2814.469,2833.196,2777.734,2806.258,3541817700
2019-05-08,2753.611,2796.466,2750.926,2758.244,3039877200
2019-05-09,2740.349,2748.007,2686.467,2698.78,3075868100
2019-05-10,2731.577,2798.874,2698.807,2793.759,3945327800
2019-05-13,2751.756,2767.482,2736.844,2741.112,2659097100
2019-05-14,2716.726,2754.692,2716.726,2724.734,2622201800
2019-05-15,2743.781,2797.153,2743.781,2783.544,3071892000
2019-05-16,2777.85,2793.762,2766.15,2791.415,2894630200
2019-05-17,2792.077,2792.506,2728.935,2735.212,3007206300
2019-05-20,2726.068,2746.66,2697.609,2715.432,3120264600
2019-05-21,2717.874,2764.483,2712.042,2739.785,2696905100
2019-05-22,2739.112,2745.857,2714.65,2725.734,2316872900
2019-05-23,2710.573,2713.943,2679.542,2685.934,2781015600
2019-05-24,2693.879,2722.336,2692.526,2702.025,2123707600
2019-05-27,2696.258,2731.304,2667.377,2722.335,2724384800
2019-05-28,2719.061,2759.779,2716.308,2748.799,3467005600
2019-05-29,2728.435,2780.307,2724.852,2755.808,2494085700
2019-05-30,2748.429,2752.686,2721.881,2742.964,2439840500
2019-05-31,2740.303,2762.387,2728.946,2728.946,2218815200
2019-06-03,2737.806,2762.076,2723.932,2743.064,2709222000
2019-06-04,2744.696,2746.515,2713.804,2721.314,2227583200
2019-06-05,2741.938,2747.234,2717.932,2719.595,2576625300
2019-06-06,2727.697,2727.697,2701.921,2706.762,2139031200
2019-06-10,2717.914,2752.882,2712.159,2743.375,2708808100
2019-06-11,2750.541,2816.992,2750.541,2812.899,4085031500
2019-06-12,2802.527,2805.005,2790.183,2796.732,2644523000
2019-06-13,2798.022,2804.756,2771.857,2794.536,2345288700
2019-06-14,2798.396,2816.177,2781.723,2785.606,2612483000
2019-06-17,2785.473,2813.445,2785.473,2793.704,2047785100
2019-06-18,2800.83,2809.866,2785.381,2806.454,2167640400
2019-06-19,2872.073,2879.235,2842.424,2842.736,4116011000
2019-06-20,2847.317,2954.033,2846.435,2942.629,5736036900
2019-06-21,2939.648,2958.227,2929.903,2938.773,4656020500
2019-06-24,2942.506,2958.024,2931.667,2949.518,2901601800
2019-06-25,2946.02,2946.708,2875.368,2910.121,3816559500
2019-06-26,2896.765,2915.235,2891.004,2903.487,2402466000
2019-06-27,2917.204,2952.908,2914.962,2937.128,3347248700
2019-06-28,2932.693,2937.291,2911.666,2930.598,2370867100
2019-07-01,2984.649,3011.91,2978.752,3002.94,4262271400
2019-07-02,3000.78,3003.884,2988.47,2999.076,3462948800
2019-07-03,2990.055,2990.055,2953.7,2964.731,3391896500
2019-07-04,2966.332,2974.797,2939.971,2953.272,3292883400
2019-07-05,2952.714,2967.983,2937.595,2961.922,2384534500
2019-07-08,2944.973,2944.973,2877.737,2897.512,3373258800
2019-07-09,2894.332,2902.143,2872.03,2881.552,2137470000
2019-07-10,2896.701,2897.575,2870.67,2878.781,1891152100
2019-07-11,2897.472,2918.944,2879.636,2887.831,2115726600
2019-07-12,2883.088,2912.899,2878.202,2902.13,2145421000
2019-07-15,2885.977,2920.157,2850.098,2902.61,2819610600
2019-07-16,2900.046,2905.111,2881.404,2884.561,1741151700
2019-07-17,2877.489,2892.335,2866.466,2875.03,1809983000
2019-07-18,2869.73,2872.242,2859.069,2859.165,1954208600
2019-07-19,2875.964,2906.547,2875.901,2895.625,2245108900
2019-07-22,2897.786,2905.351,2872.527,2881.904,2360318400
2019-07-23,2885.701,2889.39,2871.507,2881.098,2044874800
2019-07-24,2894.936,2923.399,2894.595,2906.55,2601987100
2019-07-25,2911.008,2931.176,2903.313,2931.176,2293311300
2019-07-26,2918.107,2943.068,2918.014,2939.355,2352186400
2019-07-29,2936.643,2938.735,2922.676,2930.489,2237200500
2019-07-30,2939.143,2958.297,2938.897,2944.025,2269698000
2019-07-31,2931.853,2932.65,2906.708,2912.661,2388803400
2019-08-01,2901.154,2909.472,2880.3,2887.867,2427168300
2019-08-02,2837.369,2852.115,2831.658,2843.77,2994396800
2019-08-05,2823.346,2828.481,2785.904,2786.72,2835097600
2019-08-06,2736.681,2771.789,2718.212,2760.68,3694169100
2019-08-07,2771.238,2773.938,2747.249,2747.249,2458846400
2019-08-08,2771.448,2790.143,2768.714,2786.872,2940696000
2019-08-09,2800.437,2802.815,2767.14,2772.149,2538096600
2019-08-12,2787.44,2825.085,2782.77,2824.804,2213699700
2019-08-13,2807.959,2812.492,2787.123,2792.914,2146403400
2019-08-14,2827.038,2831.342,2803.864,2804.355,2610822100
2019-08-15,2758.735,2815.15,2756.377,2814.388,2528467500
2019-08-16,2817.266,2846.257,2805.813,2824.226,2414732800
2019-08-19,2839.246,2877.47,2823.869,2877.231,4191116700
2019-08-20,2869.159,2883.548,2864.709,2875.653,2981758300
2019-08-21,2868.631,2875.011,2864.815,2869.22,2163744400
2019-08-22,2878.73,2881.056,2862.44,2878.005,2049305700
2019-08-23,2880.572,2923.933,2876.022,2917.377,2413805700
2019-08-26,2869.462,2882.454,2854.509,2863.479,2643657800
2019-08-27,2883.416,2915.836,2880.996,2887.239,3574136800
2019-08-28,2883.347,2887.852,2860.711,2867.027,2361076500
2019-08-29,2867.768,2871.634,2843.282,2855.45,2238667000
2019-08-30,2878.212,2886.347,2856.029,2872.401,2592297500
2019-09-02,2871.287,2902.409,2866.749,2894.958,2975321400
2019-09-03,2897.286,2900.764,2878.1,2892.182,2590498200
2019-09-04,2888.972,2919.678,2887.585,2919.678,3764714400
2019-09-05,2938.138,2988.208,2938.138,2955.84,5285227200
2019-09-06,2974.802,2981.243,2955.816,2981.073,3146536700
2019-09-09,3004.803,3008.671,2974.233,2981.586,3869579800
2019-09-10,2987.513,2988.057,2958.313,2969.805,3603467800
2019-09-11,2978.974,2980.664,2946.568,2957.144,3519933500
2019-09-12,2970.012,3001.226,2963.451,2999.562,3182441000
2019-09-16,3003.648,3004.878,2972.579,2982.448,3253393900
2019-09-17,2974.009,2974.009,2929.306,2937.008,3072249500
2019-09-18,2947.972,2967.862,2947.677,2954.358,2335392300
2019-09-19,2965.033,2965.11,2941.659,2956.829,2094280900
2019-09-20,2964.916,2970.723,2956.916,2963.435,3023002800
2019-09-23,2955.265,2955.265,2916.429,2930.913,2378264600
2019-09-24,2936.952,2956.292,2929.602,2940.081,2273229600
2019-09-25,2930.14,2942.002,2923.151,2928.835,2252651200
2019-09-26,2939.675,2952.872,2926.537,2927.877,3146691800
2019-09-27,2929.317,2934.325,2916.068,2929.466,2301456100
2019-09-30,2917.075,2933.511,2897.684,2897.703,1923302100
2019-10-08,2898.534,2938.866,2898.534,2922.348,2496138800
2019-10-09,2908.173,2931.64,2896.264,2922.98,2613601800
2019-10-10,2917.821,2944.024,2910.347,2940.8,2199613300
2019-10-11,2952.472,2989.754,2945.008,2983.12,3117712300
2019-10-14,3007.362,3040.503,2997.663,3013.533,4254331500
2019-10-15,3018.86,3019.294,3005.872,3015.42,2544608300
2019-10-16,3015.166,3043.446,2999.379,3004.723,2625636700
2019-10-17,3009.686,3018.646,2997.843,3011.754,1893610700
2019-10-18,3020.009,3027.605,2961.133,2963.175,2463127100
2019-10-21,2957.97,2973.794,2950.304,2968.905,2422354300
2019-10-22,2983.837,2983.837,2956.904,2973.217,2100126200
2019-10-23,2969.985,2977.68,2945.839,2954.305,2263301200
2019-10-24,2963.339,2976.366,2945.68,2959.032,2448273900
2019-10-25,2955.51,2970.542,2935.057,2967.052,2452258300
2019-10-28,2967.628,2984.944,2962.397,2981.362,2849021300
2019-10-29,2982.452,2984.353,2968.21,2968.283,2180299300
2019-10-30,2966.758,2971.898,2946.969,2952.118,2182011500
2019-10-31,2964.905,2966.592,2948.327,2954.734,2627764700
2019-11-01,2953.736,3005.177,2947.604,3002.649,2887993900
2019-11-04,3012.938,3025.639,3011.203,3022.275,3090697200
2019-11-05,3024.87,3065.933,3015.797,3039.977,3835986200
2019-11-06,3041.42,3045.458,3024.75,3032.792,2917481600
2019-11-07,3034.156,3044.724,3021.689,3033.299,2331794600
2019-11-08,3052.691,3055.602,3011.366,3012.459,2829701200
2019-11-11,2995.142,2995.142,2962.684,2965.708,2851182700
2019-11-12,2972.998,2978.173,2954.777,2971.361,2052769500
2019-11-13,2967.622,2976.264,2955.098,2967.67,2262181200
2019-11-14,2975.479,2980.698,2964.917,2968.569,2212354800
2019-11-15,2972.482,2976.37,2953.756,2954.701,2202956100
2019-11-18,2954.776,2985.97,2949.474,2980.946,2387630000
2019-11-19,2973.574,3000.745,2973.574,3000.745,2426587100
2019-11-20,2991.421,2996.506,2962.714,2968.124,2251169600
2019-11-21,2957.07,2957.346,2940.154,2949.337,2191445200
2019-11-22,2952.774,2967.777,2913.18,2922.267,2680202100
2019-11-25,2926.15,2951.79,2925.404,2951.247,3330221100
2019-11-26,2962.369,2965.394,2943.55,2946.567,3022543000
2019-11-27,2948.342,2953.394,2933.279,2944.322,2035937700
2019-11-28,2945.34,2952.256,2922.554,2930.482,1777334600
2019-11-29,2923.452,2927.251,2879.933,2894.715,2079015000
2019-12-02,2896.51,2913.735,2893.418,2899.439,2133463800
2019-12-03,2892.419,2909.952,2876.517,2909.623,1908833300
2019-12-04,2902.134,2903.944,2887.84,2901.066,1943816800
2019-12-05,2912.942,2927.343,2907.766,2921.947,2246451100
2019-12-06,2928.361,2939.818,2922.433,2939.818,2138357600
2019-12-09,2944.163,2945.267,2923.79,2933.042,2503409500
2019-12-10,2925.948,2937.785,2923.753,2936.993,2024609300
2019-12-11,2947.545,2953.941,2934.042,2949.647,2359299900
2019-12-12,2954.405,2954.405,2933.997,2938.044,2068984200
2019-12-13,2968.863,3006.313,2967.852,3006.313,4189458200
2019-12-16,2999.5,2999.533,2983.194,2999.202,3342979200
2019-12-17,3000.784,3053.826,2991.076,3033.142,4734733500
2019-12-18,3031.887,3041.834,3020.946,3025.785,3249261900
2019-12-19,3027.675,3029.702,3009.871,3017.713,2692909200
2019-12-20,3022.12,3033.562,3009.384,3012.626,2509222800
2019-12-23,3015.294,3028.56,2982.021,2984.243,2745002300
2019-12-24,2985.616,2999.078,2982.418,2996.765,2227545300
2019-12-25,2993.364,2993.558,2976.905,2986.004,2138487600
2019-12-26,2986.307,3011.636,2985.53,3011.636,2305582400
2019-12-27,3012.035,3047.606,3012.035,3017.779,3442027400
2019-12-30,3016.197,3065.254,3007.956,3062.75,4366664700
2019-12-31,3057.299,3065.383,3043.926,3063.219,3107404300
2020-01-02,3073.931,3107.517,3073.931,3090.833,5003639200
2020-01-03,3097.252,3097.409,3072.114,3078.279,3718549300
2020-01-06,3062.28,3090.84,3040.195,3056.836,4770782700
2020-01-07,3063.746,3080.271,3061.561,3074.015,3437178800
2020-01-08,3058.359,3058.697,3030.105,3037.853,3765377300
2020-01-09,3060.774,3071.539,3055.991,3067.546,3315051500
2020-01-10,3079.077,3081.957,3058.164,3067.881,2854238900
2020-01-13,3069.678,3090.131,3054.878,3090.128,2933083500
2020-01-14,3097.725,3108.177,3078.458,3080.602,3512901700
2020-01-15,3078.253,3086.966,3052.705,3058.008,2811608600
2020-01-16,3067.95,3068.197,3039.073,3043.093,2831231800
2020-01-17,3054.036,3067.559,3042.59,3053.173,2330451400
2020-01-20,3070.67,3072.289,3054.448,3065.991,2727484900
2020-01-21,3048.946,3050.823,3011.185,3012.112,3280129100
2020-01-22,2996.81,3023.902,2965.664,3017.879,3315976000
2020-01-23,2993.773,2993.773,2910.394,2932.493,4283935200
2020-02-03,2676.007,2755.845,2676.007,2727.093,5860918400
2020-02-04,2724.131,2796.715,2724.131,2794.661,5701636900
2020-02-05,2803.737,2833.21,2782.423,2812.899,4418207000
2020-02-06,2829.511,2866.391,2809.366,2854.888,4213425100
2020-02-07,2836.799,2851.824,2819.668,2851.711,3444362800
2020-02-10,2826.797,2854.829,2817.771,2850.064,3365493400
2020-02-11,2858.925,2893.067,2854.072,2879.858,3602824400
2020-02-12,2876.671,2895.927,2870.768,2895.586,3123075000
2020-02-13,2898.399,2906.722,2871.265,2875.479,3743476400
2020-02-14,2870.713,2900.203,2870.629,2895.064,3512599600
2020-02-17,2901.686,2950.283,2898.593,2950.07,4529653200
2020-02-18,2940.646,2944.433,2914.964,2924.398,3809899100
2020-02-19,2917.125,2942.347,2914.593,2923.763,4027025200
2020-02-20,2931.372,2981.266,2920.798,2978.183,5022984700
2020-02-21,2965.602,2991.06,2959.513,2968.138,4692015200
2020-02-24,2949.978,2953.295,2922.163,2930.033,4863757300
2020-02-25,2891.979,2912.16,2869.643,2909.324,5315794800
2020-02-26,2877.463,2930.02,2872.829,2901.673,6296502900
2020-02-27,2904.865,2927.199,2903.747,2912.036,4215225000
2020-02-28,2860.282,2880.795,2818.43,2821.042,5847996500
2020-03-02,2837.774,2922.951,2837.774,2907.886,5488477600
2020-03-03,2941.68,2948.551,2910.757,2921.444,5316139800
2020-03-04,2921.068,2949.571,2919.365,2947.567,4256954900
2020-03-05,2966.686,3023.123,2956.651,3018.07,6049796600
2020-03-06,2989.765,2999.485,2962.403,2964.835,4185528800
2020-03-09,2908.627,2908.627,2864.49,2868.83,5886474700
2020-03-10,2859.869,2935.087,2852.935,2924.217,4805053000
2020-03-11,2927.828,2927.828,2888.361,2888.361,3644206200
2020-03-12,2858.511,2866.135,2828.29,2841.982,3702363200
2020-03-13,2720.613,2826.724,2715.138,2798.77,4906135500
2020-03-16,2799.995,2800.178,2689.897,2694.023,4697120600
2020-03-17,2696.697,2734.799,2629.182,2685.591,4153269400
2020-03-18,2695.424,2724.302,2625.6,2625.747,3768139200
2020-03-19,2611.75,2630.052,2517.304,2569.789,4952352800
2020-03-20,2597.979,2636.141,2580.357,2628.416,3723143600
2020-03-23,2548.846,2586.106,2548.004,2559.619,3254972100
2020-03-24,2608.245,2641.873,2592.605,2639.383,3686841400
2020-03-25,2700.096,2711.117,2681.088,2700.187,3849119400
2020-03-26,2676.616,2716.335,2673.441,2689.28,2822602100
2020-03-27,2722.468,2733.521,2701.445,2701.445,3538694500
2020-03-30,2667.12,2696.331,2664.718,2690.042,3404970700
2020-03-31,2713.499,2716.021,2684.207,2689.379,3029903800
2020-04-01,2684.5,2722.325,2680.077,2682.08,2751937300
2020-04-02,2667.941,2719.886,2665.805,2719.886,2873089300
2020-04-03,2707.819,2720.844,2697.832,2708.825,2444455900
2020-04-07,2756.27,2762.306,2743.159,2757.406,3595465100
2020-04-08,2742.357,2753.493,2736.093,2743.887,2540167600
2020-04-09,2754.717,2760.586,2749.416,2752.588,2382049700
2020-04-10,2755.197,2787.284,2742.523,2749.847,2544479400
2020-04-13,2740.093,2749.479,2731.029,2739.167,1918766200
2020-04-14,2756.5,2785.801,2745.99,2785.72,2672299500
2020-04-15,2783.276,2788.086,2761.435,2764.488,2305149500
2020-04-16,2751.694,2771.434,2750.292,2768.262,2301637900
2020-04-17,2790.835,2825.959,2782.713,2809.076,3486971900
2020-04-20,2812.801,2821.006,2799.916,2819.794,2762756400
2020-04-21,2808.913,2808.913,2767.274,2784.533,2494367600
2020-04-22,2774.439,2804.237,2768.395,2804.237,2069456300
2020-04-23,2813.732,2820.241,2794.464,2797.661,2452956300
2020-04-24,2789.051,2789.051,2770.337,2776.025,1991477400
2020-04-27,2786.467,2818.538,2783.174,2805.22,2314714000
2020-04-28,2814.23,2832.062,2781.149,2825.139,2708422800
2020-04-29,2814.596,2852.104,2814.069,2844.814,2543013400
2020-04-30,2851.145,2882.695,2851.145,2861.908,3038905300
2020-05-06,2823.292,2865.113,2823.272,2863.845,3545978100
2020-05-07,2860.959,2863.16,2845.661,2854.423,2390200000
2020-05-08,2864.856,2883.691,2858.108,2873.013,2703717900
2020-05-11,2876.772,2897.99,2864.963,2871.848,2530899800
2020-05-12,2871.314,2880.503,2855.022,2869.597,2133015000
2020-05-13,2860.82,2869.702,2845.337,2867.712,1832565100
2020-05-14,2854.778,2854.778,2833.947,2834.533,1981834300
2020-05-15,2845.91,2849.175,2818.367,2819.691,1947058000
2020-05-18,2821.726,2849.85,2813.257,2837.172,2262686600
2020-05-19,2869.232,2872.697,2854.886,2860.668,2270551600
2020-05-20,2861.593,2864.669,2847.255,2856.14,1994922900
2020-05-21,2866.745,2867.915,2844.144,2846.824,1907114500
2020-05-22,2840.879,2841.105,2775.309,2775.81,2597130200
2020-05-25,2784.435,2789.815,2762.298,2789.71,1867492300
2020-05-26,2806.248,2811.825,2796.846,2808.842,1811040900
2020-05-27,2810.475,2814.559,2790.843,2795.481,1975995300
2020-05-28,2797.368,2830.463,2785.321,2809.665,2294337200
2020-05-29,2791.623,2813.825,2788.867,2806.664,2147102600
2020-06-01,2832.217,2873.054,2832.217,2870.356,2843344300
2020-06-02,2864.529,2890.807,2862.677,2885.921,2670394300
2020-06-03,2900.87,2922.783,2889.084,2889.109,2784097500
2020-06-04,2900.964,2902.899,2876.442,2883.363,2189472900
2020-06-05,2886.233,2896.35,2871.871,2896.35,2126970100
2020-06-08,2907.675,2925.199,2904.035,2909.587,2930062900
2020-06-09,2911.948,2931.539,2905.843,2928.304,2440088000
2020-06-10,2925.166,2925.166,2905.211,2908.475,2271766600
2020-06-11,2899.487,2907.657,2867.197,2876.513,2899854300
2020-06-12,2840.802,2884.991,2837.551,2884.116,3409594400
2020-06-15,2862.49,2875.027,2838.607,2838.607,2931049700
2020-06-16,2867.713,2879.525,2861.011,2878.992,2421833300
2020-06-17,2879.848,2882.103,2864.155,2881.132,2224461300
2020-06-18,2872.168,2892.119,2860.496,2888.958,2763430400
2020-06-19,2891.309,2933.903,2888.922,2925.936,3713736100
2020-06-22,2921.297,2947.612,2912.494,2921.892,3726298500
2020-06-23,2913.011,2929.797,2902.122,2925.416,2754012800
2020-06-24,2928.522,2947.191,2926.845,2943.473,3017957300
2020-06-29,2935.542,2942.492,2909.451,2925.483,3248337700
2020-06-30,2933.928,2951.123,2928.683,2942.074,2701559800
2020-07-01,2950.492,3010.362,2941.38,3009.861,4266806900
2020-07-02,3005.357,3088.96,3003.778,3084.238,6722380600
2020-07-03,3101.386,3159.169,3101.261,3159.158,7820941600
2020-07-06,3198.738,3384.867,3198.738,3374.136,12216786900
2020-07-07,3438.856,3465.468,3381.761,3381.761,10862413900
2020-07-08,3378.109,3466.63,3371.592,3429.945,9145721300
2020-07-09,3426.596,3451.925,3403.725,3442.021,8493444000
2020-07-10,3403.996,3411.094,3338.593,3351.78,7904651800
2020-07-13,3338.708,3421.94,3327.697,3390.115,8002418600
2020-07-14,3374.07,3391.903,3310.889,3348.031,7678639500
2020-07-15,3363.924,3374.288,3303.151,3313.765,7041203100
2020-07-16,3313.562,3326.694,3162.025,3162.025,7468306800
2020-07-17,3181.698,3223.541,3151.218,3185.891,4944909900
2020-07-20,3219.918,3293.625,3189.467,3287.915,6304753600
2020-07-21,3302.722,3305.198,3272.473,3286.815,4451198100
2020-07-22,3278.738,3354.715,3273.808,3291.361,5440375100
2020-07-23,3263.074,3303.427,3224.508,3284.11,5566558300
2020-07-24,3265.519,3270.558,3136.645,3158.285,6063813600
2020-07-27,3178.047,3194.14,3136.033,3163.231,3762745600
2020-07-28,3188.957,3205.566,3168.897,3185.89,3571045100
2020-07-29,3184.717,3245.702,3171.044,3243.385,4364869100
2020-07-30,3252.204,3263.187,3231.356,3231.519,3610894500
2020-07-31,3226.423,3284.379,3199.905,3249.338,4289790500
2020-08-03,3271.177,3284.793,3251.818,3281.101,4829902600
2020-08-04,3293.918,3329.559,3279.143,3312.134,6254047700
2020-08-05,3298.138,3300.896,3257.288,3292.309,4557928400
2020-08-06,3295.433,3311.364,3243.649,3292.2,4894575300
2020-08-07,3277.444,3288.787,3219.423,3263.746,4898104900
2020-08-10,3250.544,3309.984,3232.094,3285.76,5327140300
2020-08-11,3291.34,3333.75,3257.367,3262.824,5382280200
2020-08-12,3255.538,3266.583,3199.546,3249.738,5102494700
2020-08-13,3261.128,3265.508,3230.166,3241.845,3709207100
2020-08-14,3236.948,3292.031,3230.215,3288.514,3674747700
2020-08-17,3300.903,3397.5,3299.211,3368.849,7589903100
2020-08-18,3369.867,3377.521,3350.778,3367.331,4744415700
2020-08-19,3361.719,3366.682,3306.334,3307.659,4441944700
2020-08-20,3285.202,3288.206,3252.179,3264.533,3705290000
2020-08-21,3287.434,3299.939,3261.547,3284.727,2805014200
2020-08-24,3306.561,3320.972,3291.657,3298.721,2966615100
2020-08-25,3312.033,3335.034,3300.198,3310.839,2844995500
2020-08-26,3308.93,3327.817,3269.088,3277.89,3292243700
2020-08-27,3286.784,3291.681,3257.565,3290.786,2813580000
2020-08-28,3296.524,3372.744,3286.144,3368.438,3900870000
2020-08-31,3386.62,3408.581,3343.214,3343.888,4790515600
2020-09-01,3333.207,3355.096,3328.124,3355.096,3046645000
2020-09-02,3371.573,3373.35,3316.501,3347.304,3551230800
2020-09-03,3349.262,3374.014,3322.901,3334.412,3125236400
2020-09-04,3293.492,3314.547,3283.312,3309.21,2863754700
2020-09-07,3303.642,3328.724,3243.428,3253.426,3258005400
2020-09-08,3267.312,3296.144,3249.246,3289.914,3238056300
2020-09-09,3253.497,3267.862,3217.147,3235.703,3009657700
2020-09-10,3264.321,3273.903,3239.585,3245.502,2997384800
2020-09-11,3238.467,3270.59,3230.316,3265.497,2351028000
2020-09-14,3283.932,3298.933,3275.302,3294.151,2112587600
2020-09-15,3291.196,3321.176,3275.064,3317.64,2131642000
2020-09-16,3314.207,3322.321,3283.88,3295.584,2222920600
2020-09-17,3286.149,3287.263,3253.516,3264.686,2342308200
2020-09-18,3267.63,3347.778,3264.326,3347.778,4457796200
2020-09-21,3359.232,3360.919,3311.108,3311.594,2979959900
2020-09-22,3285.769,3319.95,3260.493,3270.519,2682006000
2020-09-23,3271.474,3284.397,3256.179,3275.739,2046780700
2020-09-24,3259.121,3264.826,3214.703,3218.716,2564758700
2020-09-25,3232.693,3244.032,3219.305,3229.777,2091022000
2020-09-28,3237.3,3268.263,3237.3,3250.502,2097437300
2020-09-29,3266.007,3266.944,3241.323,3241.323,1902774300
2020-09-30,3252.595,3269.312,3218.548,3232.418,2269494600
2020-10-09,3281.465,3296.672,3274.19,3286.857,2462439400
2020-10-12,3302.982,3388.595,3302.619,3387.885,3977357200
2020-10-13,3381.641,3391.989,3363.975,3386.893,2792826200
2020-10-14,3380.558,3380.558,3359.621,3369.498,2582262800
2020-10-15,3369.723,3392.934,3363.81,3371.401,2738516800
2020-10-16,3374.17,3400.421,3362.178,3380.169,3493234500
2020-10-19,3398.752,3430.556,3349.164,3354.308,4126470400
2020-10-20,3352.028,3365.184,3340.843,3363.503,2639252700
2020-10-21,3372.687,3380.055,3351.724,3377.425,3132950400
2020-10-22,3370.084,3378.645,3328.315,3369.53,2739885900
2020-10-23,3364.598,3395.405,3346.608,3346.608,3391157200
2020-10-26,3320.027,3328.678,3288.583,3304.704,3465014400
2020-10-27,3298.064,3305.608,3281.617,3294.088,2557950900
2020-10-28,3295.445,3324.803,3285.044,3313.231,2827984400
2020-10-29,3278.978,3351.117,3277.572,3324.44,3021895400
2020-10-30,3321.939,3332.868,3271.267,3280.384,3573711100
2020-11-02,3280.617,3298.082,3249.955,3265.896,3466539800
2020-11-03,3284.04,3324.406,3282.554,3307.485,3408546600
2020-11-04,3311.54,3340.532,3301.317,3332.19,2834493000
2020-11-05,3366.401,3386.979,3345.201,3369.503,3127710800
2020-11-06,3380.198,3380.198,3339.47,3359.119,3503194400
2020-11-09,3382.8,3428.13,3382.8,3418.275,4391814200
2020-11-10,3439.36,3440.557,3402.383,3416.141,4176163300
2020-11-11,3415.884,3432.265,3407.844,3411.23,4041518900
2020-11-12,3413.207,3420.648,3387.33,3397.354,2709848200
2020-11-13,3376.911,3377.16,3318.452,3338.31,3451369600
2020-11-16,3352.689,3377.11,3344.4,3377.11,3232489300
2020-11-17,3376.874,3388.961,3362.5,3379.274,3307422900
2020-11-18,3377.843,3408.304,3372.997,3387.045,4360586400
2020-11-19,3377.228,3415.856,3372.838,3410.094,3260615000
2020-11-20,3407.728,3415.254,3398.788,3411.932,2972074800
2020-11-23,3427.778,3485.894,3426.78,3469.805,4925155500
2020-11-24,3461.432,3470.914,3437.73,3442.723,3424010900
2020-11-25,3461.479,3475.255,3420.292,3420.292,4066377900
2020-11-26,3418.559,3447.613,3414.064,3445.739,3346527100
2020-11-27,3453.309,3498.659,3447.608,3498.659,5390124800
2020-11-30,3509.659,3570.215,3469.418,3469.418,8429298300
2020-12-01,3480.564,3559.065,3476.937,3554.014,5248868900
2020-12-02,3555.595,3568.724,3527.125,3545.34,3944280600
2020-12-03,3545.279,3550.105,3519.426,3536.814,3586787100
2020-12-04,3535.938,3546.713,3504.434,3541.521,3323861700
2020-12-07,3547.931,3548.778,3495.651,3509.942,3545074500
2020-12-08,3512.857,3529.353,3490.886,3499.057,2893594100
2020-12-09,3511.758,3517.916,3467.995,3468.527,3065472700
2020-12-10,3464.942,3478.906,3442.153,3459.035,2922844300
2020-12-11,3473.874,3477.466,3404.929,3427.857,3890638700
2020-12-14,3443.028,3472.117,3435.307,3467.767,2498221800
2020-12-15,3466.492,3476.877,3443.861,3468.829,2615418200
2020-12-16,3480.927,3494.646,3469.552,3485.405,2246253000
2020-12-17,3497.391,3543.735,3491.919,3539.54,2709120100
2020-12-18,3529.023,3538.565,3493.296,3507.974,2627780000
2020-12-21,3505.906,3531.419,3481.263,3522.262,2671759500
2020-12-22,3519.05,3526.112,3467.532,3470.902,3487845900
2020-12-23,3483.188,3516.024,3473.097,3494.587,2723877500
2020-12-24,3495.849,3521.038,3474.016,3489.274,2011957100
2020-12-25,3476.553,3514.514,3468.403,3512.486,2105465600
2020-12-28,3514.712,3548.532,3503.972,3523.837,2641329900
2020-12-29,3533.126,3539.668,3513.655,3517.35,2601459000
2020-12-30,3513.786,3574.206,3512.314,3574.131,2678723400
2020-12-31,3581.449,3646.753,3581.364,3640.639,3657484600
2021-01-04,3632.691,3659.168,3608.342,3643.359,4354664400
2021-01-05,3627.645,3683.363,3620.558,3683.363,4723374300
2021-01-06,3688.953,3736.648,3670.541,3736.648,4516610600
2021-01-07,3750.877,3808.07,3729.988,3808.07,4291806300
2021-01-08,3815.568,3833.863,3752.085,3788.319,4158564400
2021-01-11,3794.83,3849.679,3763.15,3776.529,4745100000
2021-01-12,3764.649,3906.123,3764.649,3906.123,4817586700
2021-01-13,3913.999,3931.945,3844.28,3873.229,5527384900
2021-01-14,3863.097,3866.949,3800.793,3811.224,5086885900
2021-01-15,3825.541,3866.007,3789.476,3817.935,5563524300
2021-01-18,3807.992,3873.449,3796.432,3849.398,4224838400
2021-01-19,3855.747,3862.106,3792.595,3808.694,4274705600
2021-01-20,3813.906,3838.313,3790.538,3814.654,3437234300
2021-01-21,3833.784,3874.665,3812.806,3850.056,3673022900
2021-01-22,3851.134,3862.895,3823.326,3846.395,3825948000
2021-01-25,3843.492,3903.188,3828.747,3898.147,3733650100
2021-01-26,3878.254,3878.254,3809.656,3813.29,2958442000
2021-01-27,3818.422,3831.618,3790.809,3818.268,2870605400
2021-01-28,3771.786,3779.407,3720.117,3735.034,3004120600
2021-01-29,3758.888,3767.014,3675.49,3713.247,3274233000
2021-02-01,3712.783,3747.729,3699.197,3746.372,2948901600
2021-02-02,3751.741,3774.061,3731.515,3771.47,2885874800
2021-02-03,3768.715,3796.432,3747.376,3775.722,3160919300
2021-02-04,3764.425,3820.336,3759.434,3801.618,3316378000
2021-02-05,3819.801,3876.68,3808.171,3840.766,4158374600
2021-02-08,3856.943,3896.536,3835.1,3890.465,3333989300
2021-02-09,3900.856,3952.936,3871.788,3952.828,3274005900
2021-02-10,3967.677,4039.231,3967.362,4028.529,3895860300
2021-02-18,4097.866,4110.18,3996.628,4014.324,5120308500
2021-02-19,3994.826,4023.884,3956.978,4014.456,4289972600
2021-02-22,4020.009,4020.009,3879.482,3881.868,5872642700
2021-02-23,3854.164,3942.087,3854.164,3897.716,4345561200
2021-02-24,3902.363,3910.01,3766.596,3805.472,3934393100
2021-02-25,3844.616,3878.208,3818.714,3851.029,4668898600
2021-02-26,3768.897,3819.038,3753.443,3756.86,4157310200
2021-03-01,3793.365,3795.052,3747.579,3787.87,3365770700
2021-03-02,3812.35,3812.35,3689.011,3718.774,3521619700
2021-03-03,3710.263,3818.072,3708.231,3817.413,3657957900
2021-03-04,3769.973,3781.275,3686.09,3708.661,3637371800
2021-03-05,3655.907,3721.276,3627.289,3688.682,3613758200
2021-03-08,3713.459,3732.779,3571.415,3573.431,4175297800
2021-03-09,3570.256,3595.186,3489.97,3509.614,4234406100
2021-03-10,3563.564,3572.374,3528.317,3532.052,2809628700
2021-03-11,3554.683,3633.772,3554.683,3625.305,3105623000
2021-03-12,3647.51,3647.51,3600.392,3632.578,3513969900
2021-03-15,3620.042,3627.307,3539.486,3566.877,3748883200
2021-03-16,3579.011,3608.115,3556.618,3599.165,2839404100
2021-03-17,3588.233,3616.936,3552.487,3590.834,2622956500
2021-03-18,3598.85,3619.331,3586.504,3605.605,2340686900
2021-03-19,3565.093,3573.057,3496.382,3512.02,3468129800
2021-03-22,3516.657,3558.936,3511.724,3538.427,2639342300
2021-03-23,3541.329,3542.816,3482.587,3516.363,2531091500
2021-03-24,3507.548,3528.735,3457.445,3466.042,2563980400
2021-03-25,3454.461,3479.128,3439.513,3463.873,2326182800
2021-03-26,3483.695,3539.226,3480.334,3529.728,2481084700
2021-03-29,3543.245,3563.4,3510.411,3537.711,2820582800
2021-03-30,3541.377,3582.018,3531.63,3577.243,2577895500
2021-03-31,3573.857,3573.857,3518.168,3539.37,2998529900
2021-04-01,3547.461,3586.358,3545.088,3582.65,2135773900
2021-04-02,3592.884,3616.8,3583.041,3616.764,2339673500
2021-04-06,3624.804,3624.804,3581.761,3594.709,1797446900
2021-04-07,3593.173,3593.173,3537.064,3558.469,2280001300
2021-04-08,3541.055,3582.912,3533.318,3573.037,1947345400
2021-04-09,3564.657,3565.222,3504.494,3514.111,1968586000
2021-04-12,3505.714,3520.734,3465.655,3477.065,2485500600
2021-04-13,3483.013,3505.39,3448.568,3461.459,2107433100
2021-04-14,3469.396,3484.057,3442.234,3469.173,1950031300
2021-04-15,3456.548,3456.548,3399.761,3431.493,2126270100
2021-04-16,3445.094,3456.723,3411.097,3448.104,1868805600
2021-04-19,3449.049,3515.881,3426.821,3513.395,2719346500
2021-04-20,3496.807,3532.792,3491.893,3510.124,2117662100
2021-04-21,3493.793,3524.541,3488.491,3516.098,2075010200
2021-04-22,3521.977,3524.707,3477.059,3487.427,2267914100
2021-04-23,3487.122,3533.235,3482.86,3524.022,2055236700
2021-04-26,3540.534,3548.206,3462.159,3467.661,2586322700
2021-04-27,3469.979,3482.601,3450.02,3476.302,2080416600
2021-04-28,3457.174,3473.039,3440.204,3473.039,2245125900
2021-04-29,3483.103,3519.832,3468.624,3517.21,3148052500
2021-04-30,3518.864,3522.613,3471.38,3491.188,3402655400
2021-05-06,3475.051,3510.397,3443.31,3449.939,2993342900
2021-05-07,3457.908,3470.515,3402.075,3406.31,3009252800
2021-05-10,3410.009,3416.027,3371.134,3399.985,2804888900
2021-05-11,3380.628,3443.359,3371.474,3437.714,2493574100
2021-05-12,3423.42,3456.069,3421.657,3447.862,2368968000
2021-05-13,3418.581,3435.447,3395.807,3413.889,2188266800
2021-05-14,3426.425,3504.648,3406.714,3503.037,3452724800
2021-05-17,3502.74,3556.493,3502.208,3539.913,3016509100
2021-05-18,3543.11,3550.076,3520.666,3537.696,2378258700
2021-05-19,3531.788,3531.788,3501.383,3511.467,2380663300
2021-05-20,3514.428,3530.491,3496.52,3522.451,2382719600
2021-05-21,3532.872,3544.266,3475.263,3481.862,2064464400
2021-05-24,3482.993,3499.445,3457.292,3497.747,2298654300
2021-05-25,3505.814,3645.075,3505.626,3641.292,4418286500
2021-05-26,3656.34,3678.067,3643.985,3657.19,3455939600
2021-05-27,3645.482,3709.002,3628.96,3664.942,2987912000
2021-05-28,3663.875,3689.248,3630.574,3659.296,2868284600
2021-05-31,3652.888,3652.892,3615.423,3650.225,2632840100
2021-06-01,3641.969,3652.949,3608.204,3650.903,2816154700
2021-06-02,3661.942,3665.919,3604.777,3622.398,2797539200
2021-06-03,3620.791,3637.005,3589.233,3591.156,2602014600
2021-06-04,3574.301,3655.92,3573.703,3612.701,2885758100
2021-06-07,3610.891,3613.284,3579.011,3601.109,2569817900
2021-06-08,3597.943,3634.816,3558.463,3580.284,2607966900
2021-06-09,3575.487,3599.624,3572.357,3587.532,2729685900
2021-06-10,3588.143,3634.921,3582.164,3607.679,2865759200
2021-06-11,3610.137,3611.246,3564.649,3576.777,4072974500
2021-06-15,3570.405,3579.088,3513.13,3528.668,3754748900
2021-06-16,3525.75,3532.848,3480.408,3486.288,3162933300
2021-06-17,3477.472,3503.553,3467.578,3481.6,2944641900
2021-06-18,3475.546,3488.258,3426.035,3454.589,3611934200
2021-06-21,3440.744,3455.565,3410.403,3431.252,3045691500
2021-06-22,3444.75,3469.808,3437.955,3464.706,3262588500
2021-06-23,3469.279,3496.438,3460.686,3471.341,2956453300
2021-06-24,3476.683,3487.273,3452.614,3483.909,2876918300
2021-06-25,3483.161,3545.434,3479.741,3535.019,3602721100
2021-06-28,3541.105,3543.704,3502.78,3520.743,2970171700
2021-06-29,3514.323,3517.364,3475.445,3482.733,2881460800
2021-06-30,3477.382,3504.964,3477.382,3498.649,2493278600
2021-07-01,3510.558,3535.332,3479.52,3535.249,2955315700
2021-07-02,3495.598,3495.598,3403.804,3408.237,3471086200
2021-07-05,3402.109,3415.561,3376.837,3404.791,3092679300
2021-07-06,3405.47,3406.765,3368.141,3405.279,2921183300
2021-07-07,3384.567,3433.728,3382.238,3424.39,2691945900
2021-07-08,3432.889,3434.15,3365.531,3373.256,3386245300
2021-07-09,3359.204,3373.143,3329.745,3361.595,3163660600
2021-07-12,3385.121,3413.348,3357.134,3384.507,3841631900
2021-07-13,3384.748,3409.788,3377.2,3391.742,3140767500
2021-07-14,3385.389,3385.389,3328.877,3339.381,3473367600
2021-07-15,3335.051,3414.416,3332.784,3411.289,3195519300
2021-07-16,3405.399,3413.265,3365.954,3369.899,2722985500
2021-07-19,3362.579,3390.267,3322.321,3385.366,2981703700
2021-07-20,3364.314,3382.095,3357.748,3378.629,2586536200
2021-07-21,3385.135,3410.818,3375.63,3388.52,3349058200
2021-07-22,3386.911,3410.63,3378.124,3392.717,3695544300
2021-07-23,3389.398,3389.434,3353.038,3357.447,3684790700
2021-07-26,3339.865,3339.865,3195.618,3228.37,4433959400
2021-07-27,3228.438,3238.388,3117.613,3126.376,4984873200
2021-07-28,3107.12,3171.08,3098.022,3154.635,4051963700
2021-07-29,3206.436,3207.898,3159.771,3182.796,3564991500
2021-07-30,3160.467,3160.467,3114.509,3132.821,3238885100
2021-08-02,3112.297,3217.813,3082.828,3211.144,4557498400
2021-08-03,3197.891,3235.398,3181.765,3223.826,3889518500
2021-08-04,3219.399,3242.389,3211.399,3233.103,3364954200
2021-08-05,3214.469,3266.295,3198.372,3227.359,3184362600
2021-08-06,3211.64,3213.102,3181.377,3195.696,2990772300
2021-08-09,3171.095,3253.08,3169.194,3235.206,3874285800
2021-08-10,3231.146,3290.247,3193.96,3288.651,3246484200
2021-08-11,3280.811,3298.408,3259.534,3262.575,4006631800
2021-08-12,3247.8,3262.895,3222.689,3226.114,3226328300
2021-08-13,3212.333,3242.312,3199.855,3217.837,2820957300
2021-08-16,3212.663,3246.932,3205.533,3222.622,3254956200
2021-08-17,3219.825,3240.334,3141.656,3149.878,3978466900
2021-08-18,3148.382,3204.874,3133.88,3190.552,4550028900
2021-08-19,3179.925,3185.727,3130.467,3144.375,4519962300
2021-08-20,3105.157,3118.703,3044.879,3072.755,3853661800
2021-08-23,3079.289,3109.986,3069.53,3099.887,3166401500
2021-08-24,3106.23,3160.558,3104.972,3147.769,3820824500
2021-08-25,3160.744,3173.372,3138.217,3159.803,3366680000
2021-08-26,3156.914,3156.914,3087.301,3088.831,3159988800
2021-08-27,3086.047,3145.976,3084.314,3123.049,3261342600
2021-08-30,3141.12,3141.756,3092.826,3112.702,4520878800
2021-08-31,3099.471,3122.91,3056.698,3097.058,5160766900
2021-09-01,3087.256,3185.824,3064.496,3165.037,7304135800
2021-09-02,3166.273,3189.251,3149.252,3167.097,5178647200
2021-09-03,3172.498,3203.318,3137.879,3175.879,5276918600
2021-09-06,3175.882,3228.948,3166.616,3211.198,4575531200
2021-09-07,3210.269,3259.922,3192.019,3248.052,4618544600
2021-09-08,3240.997,3254.099,3203.279,3213.257,4206310000
2021-09-09,3195.988,3208.632,3183.214,3204.278,5235507300
2021-09-10,3203.059,3268.729,3201.738,3252.325,6146535000
2021-09-13,3246.858,3271.104,3222.221,3242.036,5146173700
2021-09-14,3243.677,3257.622,3182.204,3188.261,5692556900
2021-09-15,3180.549,3180.549,3130.968,3146.634,4282133900
2021-09-16,3145.439,3157.899,3113.037,3128.589,4552637400
2021-09-17,3117.929,3162.053,3110.032,3161.922,4002869400
2021-09-22,3100.39,3129.777,3096.032,3122.337,4058164000
2021-09-23,3135.748,3159.967,3116.561,3127.821,3779774000
2021-09-24,3120.427,3173.054,3120.427,3145.112,3538273300
2021-09-27,3162.428,3218.882,3162.428,3199.975,4229347300
2021-09-28,3197.038,3224.566,3173.847,3211.154,3810590300
2021-09-29,3186.121,3222.278,3160.391,3199.226,4081216500
2021-09-30,3202.017,3213.559,3189.18,3196.991,2969816000
2021-10-08,3229.069,3263.933,3215.558,3256.261,3892310800
2021-10-11,3264.722,3318.145,3263.161,3276.407,3842253200
2021-10-12,3266.021,3280.065,3232.324,3259.38,3498337100
2021-10-13,3257.397,3307.225,3243.613,3292.762,2877853700
2021-10-14,3289.981,3301.908,3264.254,3270.692,2411163200
2021-10-15,3258.568,3301.153,3251.097,3294.833,3261920300
2021-10-18,3289.321,3289.321,3213.244,3229.631,3243351200
2021-10-19,3227.007,3265.514,3226.073,3256.668,2912722500
2021-10-20,3264.473,3282.571,3242.102,3254.998,2758482300
2021-10-21,3256.605,3294.051,3253.572,3278.542,3130680700
2021-10-22,3287.932,3336.729,3282.875,3318.128,3129766200
2021-10-25,3295.247,3316.569,3284.889,3312.303,2834601400
2021-10-26,3312.304,3327.659,3285.235,3290.036,2598345400
2021-10-27,3282.265,3282.265,3236.146,3247.097,2804493600
2021-10-28,3240.539,3252.728,3223.72,3239.61,2992402000
2021-10-29,3241.912,3267.249,3239.083,3267.249,3477475100
2021-11-01,3239.889,3262.489,3223.869,3250.915,3343144300
2021-11-02,3245.037,3267.762,3187.355,3212.026,3974412300
2021-11-03,3207.737,3220.339,3173.329,3181.451,2726038700
2021-11-04,3194.474,3216.226,3187.955,3207.264,2663500800
2021-11-05,3197.612,3229.97,3189.682,3201.546,2644968800
2021-11-08,3198.69,3214.329,3185.944,3196.27,2577310300
2021-11-09,3206.291,3214.89,3172.087,3186.958,2363506800
2021-11-10,3177.611,3182.258,3125.292,3170.405,3085177300
2021-11-11,3169.013,3233.588,3164.944,3233.37,3806182200
2021-11-12,3239.349,3241.127,3213.753,3220.548,2576431200
2021-11-15,3228.021,3241.918,3209.484,3221.687,2220424000
2021-11-16,3222.507,3243.446,3212.205,3222.173,2424140300
2021-11-17,3217.105,3226.105,3202.564,3208.776,1980082400
2021-11-18,3199.21,3199.21,3164.696,3173.376,2004218200
2021-11-19,3170.789,3217.816,3168.304,3212.908,2570957800
2021-11-22,3217.332,3228.29,3209.422,3212.151,2625728600
2021-11-23,3206.94,3237.649,3206.425,3224.155,2648181200
2021-11-24,3226.02,3247.775,3214.086,3231.835,2321025300
2021-11-25,3233.26,3236.262,3212.733,3218.051,2101052600
2021-11-26,3213.631,3214.046,3181.143,3187.358,2303656800
2021-11-29,3170.695,3188.112,3163.964,3187.049,2718079300
2021-11-30,3186.254,3196.039,3153.631,3165.35,2341928200
2021-12-01,3166.613,3182.382,3165.697,3180.418,2500413500
2021-12-02,3179.989,3198.031,3169.023,3190.872,2741773700
2021-12-03,3191.174,3221.422,3191.174,3221.422,2726907900
2021-12-06,3234.431,3257.188,3223.209,3228.142,3541274300
2021-12-07,3255.555,3262.085,3237.159,3254.499,3778374300
2021-12-08,3263.258,3306.973,3247.326,3304.708,3274665800
2021-12-09,3312.333,3393.161,3309.95,3360.184,4255631300
2021-12-10,3339.239,3353.63,3332.986,3353.63,3939067800
2021-12-13,3391.622,3428.738,3363.688,3366.068,3974870500
2021-12-14,3353.03,3364.518,3342.121,3350.497,3146983300
2021-12-15,3340.749,3359.674,3318.409,3318.98,2482180700
2021-12-16,3312.701,3330.856,3304.531,3330.856,2533735800
2021-12-17,3321.669,3330.231,3278.116,3278.899,2633376700
2021-12-20,3264.098,3294.133,3247.301,3255.352,2784848500
2021-12-21,3253.287,3277.372,3251.957,3273.031,2453674100
2021-12-22,3280.694,3287.756,3257.012,3260.571,2234285700
2021-12-23,3265.707,3287.188,3246.235,3287.188,2141772600
2021-12-24,3293.301,3306.909,3278.202,3290.236,2180618400
2021-12-27,3286.111,3291.979,3264.023,3278.437,1967563600
2021-12-28,3282.6,3307.789,3280.266,3303.4,2600226200
2021-12-29,3308.213,3308.231,3240.845,3240.845,2009854100
2021-12-30,3240.263,3276.999,3236.159,3261.794,2228503200
2021-12-31,3269.611,3282.68,3261.836,3274.321,2054996100
2022-01-04,3277.665,3281.74,3224.34,3264.066,2998263700
2022-01-05,3259.206,3289.158,3244.213,3254.279,3706405000
2022-01-06,3242.533,3251.117,3194.954,3210.385,3173040300
2022-01-07,3213.264,3240.743,3213.264,3223.267,4069472400
2022-01-10,3217.345,3237.217,3197.9,3236.116,3338280400
2022-01-11,3229.459,3247.904,3210.403,3214.529,3066642000
2022-01-12,3220.194,3244.228,3211.28,3236.308,3244169300
2022-01-13,3243.047,3247.817,3182.847,3184.107,3478230400
2022-01-14,3173.849,3173.849,3136.992,3139.045,3451703200
2022-01-17,3139.411,3159.188,3134.075,3147.699,2703608500
2022-01-18,3147.846,3198.473,3137.112,3187.524,3505729400
2022-01-19,3194.919,3201.94,3172.263,3187.192,3099126700
2022-01-20,3188.138,3251.223,3187.605,3233.701,4026112700
2022-01-21,3227.202,3234.467,3202.732,3218.735,3233270900
2022-01-24,3204.179,3218.977,3185.523,3209.745,2827422900
2022-01-25,3192.121,3198.114,3144.726,3144.949,3031000600
2022-01-26,3156.65,3169.529,3126.545,3163.674,2418172700
2022-01-27,3168.135,3168.762,3115.858,3119.239,3110144200
2022-01-28,3127.176,3140.291,3048.326,3054.021,3355530500
2022-02-07,3102.62,3129.193,3096.688,3114.26,3647509700
2022-02-08,3107.886,3118.582,3061.224,3116.505,4036531200
2022-02-09,3118.969,3148.23,3110.882,3139.564,3914440300
2022-02-10,3145.328,3146.964,3125.113,3145.113,3650563200
2022-02-11,3133.796,3172.086,3130.694,3142.912,4359771100
2022-02-14,3131.394,3131.841,3093.642,3103.997,3892574500
2022-02-15,3101.364,3126.423,3097.083,3119.928,2931343800
2022-02-16,3134.883,3150.857,3129.041,3136.082,2483496300
2022-02-17,3138.77,3156.865,3132.095,3139.177,2546109500
2022-02-18,3126.278,3162.822,3121.954,3162.822,2387899300
2022-02-21,3155.318,3155.882,3128.585,3144.865,2635931000
2022-02-22,3122.04,3122.294,3082.387,3102.325,3155638900
2022-02-23,3108.903,3120.343,3094.207,3118.038,2968900600
2022-02-24,3098.141,3104.699,3038.354,3059.641,4707185000
2022-02-25,3076.805,3104.865,3068.185,3075.587,3563301800
2022-02-28,3069.1,3081.357,3049.557,3080.777,3066536900
2022-03-01,3093.93,3129.257,3093.93,3125.691,2763798100
2022-03-02,3108.62,3113.349,3097.89,3107.241,2774565200
2022-03-03,3117.648,3124.892,3090.198,3097.089,3705587700
2022-03-04,3068.398,3079.467,3052.686,3062.382,3091675000
2022-03-07,3042.016,3042.016,2965.221,2974.676,4265843700
2022-03-08,2983.048,3005.556,2920.969,2933.164,4105561100
2022-03-09,2949.333,2965.566,2809.993,2907.178,4727191800
2022-03-10,2969.485,2973.61,2931.088,2933.461,3422380000
2022-03-11,2897.343,2944.25,2852.789,2935.684,3645774600
2022-03-14,2889.835,2920.709,2851.858,2851.877,3237405400
2022-03-15,2808.725,2825.55,2702.853,2702.853,5215842000
2022-03-16,2746.15,2836.846,2688.695,2827.75,4811657400
2022-03-17,2888.237,2918.536,2861.244,2877.219,4322726300
2022-03-18,2869.701,2925.724,2853.773,2913.185,4130299600
2022-03-21,2919.262,2919.262,2868.396,2892.107,3048465700
2022-03-22,2893.569,2921.727,2885.015,2900.768,3074521000
2022-03-23,2908.965,2928.443,2890.49,2916.508,3004670000
2022-03-24,2898.144,2918.303,2885.372,2903.617,2773392700
2022-03-25,2898.491,2910.917,2855.329,2856.428,2676999900
2022-03-28,2817.26,2866.067,2798.7,2853.182,3213623900
2022-03-29,2854.802,2873.611,2837.697,2842.153,2365905500
2022-03-30,2864.241,2915.491,2861.546,2915.491,3400523200
2022-03-31,2901.074,2915.515,2892.105,2898.826,3316818000
2022-04-01,2886.361,2954.509,2877.065,2943.244,3396884700
2022-04-06,2918.503,2941.054,2910.019,2931.198,4339490800
2022-04-07,2916.803,2943.245,2896.729,2902.482,3282274200
2022-04-08,2903.24,2929.891,2889.198,2925.491,3623532000
2022-04-11,2908.542,2908.542,2839.562,2846.38,3591882300
2022-04-12,2854.287,2895.531,2827.632,2894.258,3399392600
2022-04-13,2881.735,2914.202,2871.055,2882.279,3114819000
2022-04-14,2905.773,2947.453,2897.054,2928.596,2866772700
2022-04-15,2911.139,2943.601,2908.556,2930.578,2958959500
2022-04-18,2902.444,2902.444,2875.962,2887.721,2910085900
2022-04-19,2881.901,2899.261,2843.649,2861.567,2842842300
2022-04-20,2859.604,2868.569,2828.211,2835.352,2926854100
2022-04-21,2821.359,2848.825,2784.558,2797.529,3285548000
2022-04-22,2773.368,2826.681,2769.674,2814.127,3084168500
2022-04-25,2750.555,2772.551,2682.519,2683.413,4428581300
2022-04-26,2685.274,2729.187,2667.913,2681.028,4030079900
2022-04-27,2674.455,2737.033,2674.18,2734.54,4208586100
2022-04-28,2725.632,2775.062,2722.238,2769.712,3783453000
2022-04-29,2772.946,2820.553,2742.972,2805.336,4141487500
2022-05-05,2806.044,2824.54,2799.722,2800.929,3523176000
2022-05-06,2754.971,2760.437,2716.165,2719.761,2747984600
2022-05-09,2706.417,2716.658,2679.309,2695.133,2189333500
2022-05-10,2653.992,2733.106,2644.869,2718.371,3433016100
2022-05-11,2714.682,2769.48,2713.865,2741.232,3813222000
2022-05-12,2723.409,2740.516,2711.349,2721.77,2583563500
2022-05-13,2741.771,2760.431,2729.575,2748.237,2726297700
2022-05-16,2764.386,2765.898,2710.57,2720.406,2727873900
2022-05-17,2730.423,2756.74,2723.698,2756.74,2836239400
2022-05-18,2765.276,2765.276,2720.919,2745.528,2531908300
2022-05-19,2711.454,2748.303,2708.814,2744.545,2597853900
2022-05-20,2759.835,2807.979,2759.835,2807.942,3466762100
2022-05-23,2813.933,2813.933,2769.701,2782.548,2848875300
2022-05-24,2784.654,2786.542,2733.697,2734.192,3260985000
2022-05-25,2737.645,2749.072,2727.486,2743.417,2377273800
2022-05-26,2749.985,2760.797,2717.745,2744.898,2844144400
2022-05-27,2766.32,2789.238,2753.778,2763.072,2918524700
2022-05-30,2777.849,2788.98,2767.087,2778.451,2767430700
2022-05-31,2780.56,2817.49,2769.563,2813.219,3251868800
2022-06-01,2811.153,2812.783,2783.607,2798.068,2624483700
2022-06-02,2786.08,2794.098,2776.728,2790.316,2526837300
2022-06-06,2792.44,2826.596,2762.957,2825.651,4339136800
2022-06-07,2828.163,2863.143,2819.815,2846.81,3667886300
2022-06-08,2857.694,2888.668,2849.261,2879.311,3529928800
2022-06-09,2877.882,2896.745,2857.824,2868.424,3931963100
2022-06-10,2843.581,2902.475,2836.855,2899.579,4360883700
2022-06-13,2862.904,2868.621,2826.981,2844.724,4742483000
2022-06-14,2814.817,2884.466,2808.98,2882.703,4986870200
2022-06-15,2882.151,2971.36,2882.151,2923.989,6794505200
2022-06-16,2927.161,2936.468,2888.735,2891.335,4708186800
2022-06-17,2876.511,2943.324,2876.511,2936.2,4039392900
2022-06-20,2935.223,2951.065,2904.383,2924.915,4561041800
2022-06-21,2924.146,2945.699,2902.378,2926.475,5588918300
2022-06-22,2932.056,2932.056,2890.759,2892.286,5659816100
2022-06-23,2896.723,2936.644,2896.723,2935.883,6285940400
2022-06-24,2945.289,2983.611,2944.192,2974.754,6300014300
2022-06-27,2991.102,3034.686,2991.102,3013.948,6141922500
2022-06-28,3012.622,3044.544,2991.542,3039.413,5479232600
2022-06-29,3029.384,3050.451,3001.278,3009.236,5072538500
2022-06-30,3001.813,3085.222,3001.813,3058.398,4387491900
2022-07-01,3066.585,3072.855,3033.599,3045.269,4568476300
2022-07-04,3031.06,3051.056,3011.332,3050.152,4090379800
2022-07-05,3058.43,3078.398,3018.192,3052.111,4599256700
2022-07-06,3041.49,3041.49,2979.33,2996.728,4420669300
2022-07-07,2994.362,3005.005,2968.348,2989.208,3600641100
2022-07-08,3012.882,3022.348,2992.627,2993.306,3445529700
2022-07-11,2974.359,2974.359,2930.103,2942.296,4421239100
2022-07-12,2942.519,2953.704,2910.451,2922.005,3827040000
2022-07-13,2918.347,2930.389,2902.664,2914.295,4158447500
2022-07-14,2906.481,2916.183,2882.571,2895.299,4785324900
2022-07-15,2873.815,2912.32,2839.394,2839.394,4668847800
2022-07-18,2849.988,2880.751,2826.126,2878.639,3704412800
2022-07-19,2876.317,2876.404,2839.057,2865.603,3183718300
2022-07-20,2883.515,2887.939,2867.591,2874.078,2543596000
2022-07-21,2862.867,2866.314,2836.237,2836.662,3197566600
2022-07-22,2845.925,2869.362,2828.645,2848.436,2768592400
2022-07-25,2846.832,2846.978,2829.236,2837.26,2159877200
2022-07-26,2845.14,2864.462,2843.003,2854.639,2543163500
2022-07-27,2847.009,2847.857,2825.616,2829.922,2285126500
2022-07-28,2839.254,2861.519,2826.535,2827.107,2846646000
2022-07-29,2827.474,2849.247,2784.571,2792.329,3356866800
2022-08-01,2785.693,2794.179,2763.58,2781.682,2800376500
2022-08-02,2757.193,2757.193,2705.73,2730.755,3854856800
2022-08-03,2735.159,2755.679,2705.95,2710.724,3084380300
2022-08-04,2724.804,2743.615,2717.785,2741.087,2697448900
2022-08-05,2748.649,2777.107,2738.142,2774.335,2824229400
2022-08-08,2762.316,2771.357,2751.365,2761.157,2384618200
2022-08-09,2760.236,2769.73,2752.487,2764.068,2190369500
2022-08-10,2762.364,2770.498,2719.609,2730.961,2293691000
2022-08-11,2744.681,2787.365,2737.875,2787.063,2947238500
2022-08-12,2780.048,2802.576,2774.965,2796.889,2666247700
2022-08-15,2787.508,2811.237,2779.626,2782.666,2645829000
2022-08-16,2785.941,2793.269,2764.656,2769.261,2347749400
2022-08-17,2773.387,2791.707,2751.017,2785.853,2803054800
2022-08-18,2778.126,2783.758,2751.482,2759.294,2258313200
2022-08-19,2755.087,2772.225,2750.063,2750.631,2818665800
2022-08-22,2737.399,2767.278,2736.131,2756.369,2912813600
2022-08-23,2754.634,2759.686,2727.738,2735.666,2490853800
2022-08-24,2738.384,2750.872,2706.152,2708.09,3092530600
2022-08-25,2715.638,2756.939,2707.457,2752.556,3196400900
2022-08-26,2758.507,2763.643,2745.517,2751.589,2603134700
2022-08-29,2721.859,2736.596,2718.967,2732.206,2489050700
2022-08-30,2731.981,2741.595,2705.046,2726.66,2593052200
2022-08-31,2713.294,2779.616,2713.294,2761.783,3988639500
2022-09-01,2750.033,2757.879,2731.696,2732.399,2542247900
2022-09-02,2737.197,2740.663,2698.328,2711.264,2278133500
2022-09-05,2700.108,2706.959,2676.605,2697.767,2493869000
2022-09-06,2706.097,2726.716,2703.998,2724.498,2912444800
2022-09-07,2709.767,2718.172,2703.084,2710.686,2345475400
2022-09-08,2714.028,2725.249,2707.466,2708.278,2420902200
2022-09-09,2719.014,2763.168,2710.766,2757.566,3248564000
2022-09-13,2769.41,2781.397,2751.093,2769.235,2992899200
2022-09-14,2734.91,2760.402,2732.783,2745.428,2484849900
2022-09-15,2753.129,2769.457,2728.835,2743.789,3369886100
2022-09-16,2731.965,2738.648,2678.033,2678.033,3844177400
2022-09-19,2677.333,2695.401,2669.087,2679.586,2726037900
2022-09-20,2688.168,2691.553,2666.657,2673.88,2375139400
2022-09-21,2667.168,2670.065,2641.719,2652.214,2396014700
2022-09-22,2631.997,2645.566,2621.822,2629.37,2422923600
2022-09-23,2625.249,2649.807,2618.94,2629.809,3027793400
2022-09-26,2612.667,2650.254,2611.529,2614.9,3438453300
2022-09-27,2616.05,2645.737,2605.241,2642.921,2614497000
2022-09-28,2635.256,2637.016,2608.641,2611.982,2473208600
2022-09-29,2633.068,2644.075,2596.958,2608.977,2596901700
2022-09-30,2618.079,2631.776,2604.927,2610.117,2324446400
2022-10-10,2610.757,2611.046,2542.006,2545.049,3371835800
2022-10-11,2552.166,2553.212,2532.284,2539.946,2421649600
2022-10-12,2537.807,2556.516,2482.551,2555.024,2863560600
2022-10-13,2534.513,2541.157,2517.435,2523.632,2862722300
2022-10-14,2544.241,2599.141,2541.382,2584.685,3344961900
2022-10-17,2572.609,2588.344,2561.244,2585.497,2682674200
2022-10-18,2594.7,2598.213,2565.041,2569.968,2097505000
2022-10-19,2562.545,2572.304,2519.903,2519.903,2159068300
2022-10-20,2495.022,2535.387,2494.285,2501.496,2383318200
2022-10-21,2503.109,2510.597,2473.198,2487.221,2725154900
2022-10-24,2468.698,2493.059,2386.538,2392.598,3980191500
2022-10-25,2386.849,2427.323,2376.163,2394.92,2843940900
2022-10-26,2395.871,2438.693,2392.735,2400.516,3658010900
2022-10-27,2413.021,2432.153,2379.057,2381.263,3551725200
2022-10-28,2364.752,2377.912,2322.643,2326.942,3245822300
2022-10-31,2300.884,2327.063,2288.011,2295.924,4152062500
2022-11-01,2306.435,2396.997,2306.435,2396.629,5009886700
2022-11-02,2385.708,2437.951,2375.508,2418.322,4229089000
2022-11-03,2396.47,2409.144,2376.074,2387.452,2865275600
2022-11-04,2383.962,2479.228,2383.962,2468.276,4062206800
2022-11-07,2452.005,2490.32,2449.63,2477.767,4044196100
2022-11-08,2476.653,2482.578,2442.923,2459.091,2729935200
2022-11-09,2460.24,2470.407,2435.019,2440.352,2512532500
2022-11-10,2422.011,2451.467,2414.351,2440.317,3820402100
2022-11-11,2511.779,2546.087,2482.113,2518.049,6150088100
2022-11-14,2550.974,2577.201,2532.551,2538.297,5034200000
2022-11-15,2535.278,2594.271,2526.619,2583.723,3658090100
2022-11-16,2581.933,2595.295,2568.384,2572.887,2883615500
2022-11-17,2566.282,2569.427,2531.303,2560.017,2748370300
2022-11-18,2563.271,2572.71,2544.845,2546.715,2845696200
2022-11-21,2523.053,2523.053,2489.437,2514.854,2553077900
2022-11-22,2516.695,2555.786,2508.861,2531.344,3729538100
2022-11-23,2524.185,2554.755,2520.826,2535.523,3596386100
2022-11-24,2550.297,2562.076,2517.184,2520.563,2231919200
2022-11-25,2518.876,2554.537,2512.876,2544.615,4129528800
2022-11-28,2489.468,2507.779,2458.872,2503.623,3277473700
2022-11-29,2538.609,2611.752,2538.609,2607.75,4908325000
2022-11-30,2595.233,2623.853,2593.513,2606.543,4055544000
2022-12-01,2661.177,2678.341,2629.89,2631.205,4415753300
2022-12-02,2628.108,2630.26,2609.512,2614.614,2931479400
2022-12-05,2647.458,2676.418,2635.747,2676.143,5462980300
2022-12-06,2663.112,2704.903,2658.16,2684.846,3625603300
2022-12-07,2678.637,2705.243,2661.248,2670.647,3453257800
2022-12-08,2667.359,2681.653,2661.751,2672.896,2633491900
2022-12-09,2676.714,2712.884,2663.604,2706.739,3834628300
2022-12-12,2689.572,2700.395,2670.203,2673.939,3163207900
2022-12-13,2673.537,2688.217,2668.484,2676.9,2852129800
2022-12-14,2678.468,2698.015,2663.784,2686.368,2596693300
2022-12-15,2689.572,2697.418,2661.852,2675.188,2315916300
2022-12-16,2662.481,2691.194,2662.481,2688.29,2496106800
2022-12-19,2688.12,2696.933,2635.189,2646.179,2635463300
2022-12-20,2636.079,2640.011,2580.872,2599.488,2172397100
2022-12-21,2608.869,2617.924,2602.606,2607.424,1573883000
2022-12-22,2632.202,2645.73,2608.437,2619.757,2106950300
2022-12-23,2602.412,2628.386,2595.849,2615.879,1592901400
2022-12-26,2617.182,2625.884,2604.899,2607.523,1981241700
2022-12-27,2623.175,2640.74,2616.929,2632.453,2181466100
2022-12-28,2629.985,2646.707,2620.119,2638.306,2317118900
2022-12-29,2622.193,2627.431,2605.049,2622.072,2277666700
2022-12-30,2633.164,2648.405,2631.849,2635.248,2388975700
2023-01-03,2628.672,2645.992,2603.723,2641.422,3023010000
2023-01-04,2644.291,2659.535,2637.716,2651.005,2806552100
2023-01-05,2670.458,2705.739,2668.145,2700.308,2771489400
2023-01-06,2704.238,2721.928,2698.909,2713.631,2836725900
2023-01-09,2730.995,2747.611,2722.146,2742.201,2968289700
2023-01-10,2742.697,2748.637,2731.824,2733.619,2421291500
2023-01-11,2739.937,2760.097,2733.429,2740.193,2474804500
2023-01-12,2749.694,2752.116,2732.825,2741.945,2225790300
2023-01-13,2751.582,2787.356,2747.364,2787.356,2465201500
2023-01-16,2789.871,2864.879,2787.953,2834.291,3927658400
2023-01-17,2833.74,2837.592,2813.719,2827.027,2496952600
2023-01-18,2829.786,2838.831,2807.546,2810.086,2056246800
2023-01-19,2807.562,2823.114,2786.081,2820.807,2393665200
2023-01-20,2831.682,2847.313,2822.69,2836.807,3441054600
2023-01-30,2895.355,2895.355,2835.653,2839.122,4202651800
2023-01-31,2842.518,2853.899,2804.979,2807.952,3003290000
2023-02-01,2819.18,2820.874,2780.887,2820.874,3755598700
2023-02-02,2828.531,2828.531,2798.352,2811.847,3406447500
2023-02-03,2795.109,2795.109,2753.058,2774.801,3100746000
2023-02-06,2744.7,2744.7,2716.728,2735.005,2630430000
2023-02-07,2744.696,2752.786,2730.829,2740.445,2070821000
2023-02-08,2744.49,2758.038,2727.773,2731.252,2011526100
2023-02-09,2725.202,2765.624,2723.561,2761.872,1982508100
2023-02-10,2757.53,2757.53,2738.612,2746.723,1851016700
2023-02-13,2739.717,2772.045,2733.208,2767.793,3010436400
2023-02-14,2770.244,2776.982,2760.592,2776.982,2229484000
2023-02-15,2776.014,2780.593,2746.281,2752.339,2391906700
2023-02-16,2754.951,2787.156,2725.839,2742.804,3259397400
2023-02-17,2737.011,2759.525,2712.502,2714.289,2701408300
2023-02-20,2720.047,2790.981,2717.501,2788.396,3854566600
2023-02-21,2785.994,2805.715,2779.177,2802.136,3558722600
2023-02-22,2786.719,2795.245,2766.359,2769.344,2131012300
2023-02-23,2770.715,2790.886,2757.486,2767.535,2312096100
2023-02-24,2762.79,2764.648,2722.179,2727.59,2506208500
2023-02-27,2713.425,2738.12,2712.788,2723.584,2228827600
2023-02-28,2730.519,2740.224,2703.262,2737.155,2417089600
2023-03-01,2736.05,2783.323,2729.804,2773.649,3589395200
2023-03-02,2766.078,2782.791,2762.114,2769.108,3374775200
2023-03-03,2778.893,2784.125,2757.686,2774.508,4042899200
2023-03-06,2773.272,2774.003,2734.961,2744.141,3830167500
2023-03-07,2741.791,2761.352,2711.25,2713.168,5514611100
2023-03-08,2698.59,2699.876,2679.17,2691.933,2953930800
2023-03-09,2694.153,2697.25,2660.619,2671.843,2725121400
2023-03-10,2648.807,2667.96,2636.013,2636.389,2877869200
2023-03-13,2637.821,2672.007,2637.714,2664.038,3416432900
2023-03-14,2658.281,2658.281,2627.0,2645.114,3304226600
2023-03-15,2666.944,2674.084,2647.96,2648.385,3334592600
2023-03-16,2627.038,2647.532,2621.724,2622.823,3947851600
2023-03-17,2644.953,2672.29,2620.433,2628.591,4371773200
2023-03-20,2632.248,2644.833,2614.277,2616.751,4291607800
2023-03-21,2623.578,2648.051,2622.847,2643.358,3116169000
2023-03-22,2652.712,2666.696,2643.125,2651.534,2614351300
2023-03-23,2641.818,2668.669,2641.071,2668.669,2876718200
2023-03-24,2664.532,2664.532,2648.345,2653.285,3071161200
2023-03-27,2652.793,2652.793,2626.581,2639.623,3404535900
2023-03-28,2646.981,2653.565,2633.921,2638.738,2721578100
2023-03-29,2655.406,2658.133,2632.84,2636.223,2688867900
2023-03-30,2639.361,2665.343,2628.104,2664.212,3361247100
2023-03-31,2670.948,2681.816,2657.765,2661.92,2888885900
2023-04-03,2667.184,2673.662,2655.07,2665.723,3526983500
2023-04-04,2668.402,2676.06,2657.857,2675.917,3949734300
2023-04-06,2668.131,2672.724,2659.909,2666.448,2960554100
2023-04-07,2667.144,2692.509,2663.613,2684.862,2416104200
2023-04-10,2690.43,2690.43,2671.516,2684.909,3226643000
2023-04-11,2690.626,2694.316,2671.948,2680.044,3411483400
2023-04-12,2684.054,2684.444,2663.202,2665.77,3496272600
2023-04-13,2659.941,2675.001,2652.958,2670.014,3609958700
2023-04-14,2679.131,2692.463,2668.814,2679.007,3089633800
2023-04-17,2680.626,2732.974,2678.135,2732.974,4536613900
2023-04-18,2724.493,2753.811,2722.614,2744.454,3961595500
2023-04-19,2746.063,2746.063,2716.752,2720.718,3290309400
2023-04-20,2718.238,2721.195,2693.256,2704.858,3586716700
2023-04-21,2703.4,2703.4,2652.264,2654.211,3732568800
2023-04-24,2655.085,2656.673,2611.381,2618.478,3741050200
2023-04-25,2621.022,2629.729,2596.562,2619.233,3951624200
2023-04-26,2614.959,2627.577,2605.181,2617.978,3696134800
2023-04-27,2618.457,2658.776,2612.922,2650.57,3617482600
2023-04-28,2653.138,2683.47,2653.138,2677.757,4054877900
2023-05-04,2663.452,2696.591,2654.228,2692.691,5405592900
2023-05-05,2698.59,2706.327,2672.03,2685.173,4679769400
2023-05-08,2694.568,2727.733,2685.523,2720.323,6388254700
2023-05-09,2723.188,2751.438,2702.769,2703.937,6880796700
2023-05-10,2698.766,2706.204,2669.726,2673.906,5452477700
2023-05-11,2682.378,2688.69,2663.541,2666.062,3299201000
2023-05-12,2662.803,2668.882,2630.286,2630.948,3491286300
2023-05-15,2628.462,2677.26,2619.557,2677.037,4455321600
2023-05-16,2681.395,2685.575,2661.954,2670.451,3387999800
2023-05-17,2666.039,2673.021,2642.629,2649.356,2624992700
2023-05-18,2653.009,2665.279,2634.606,2644.218,3196736100
2023-05-19,2632.588,2649.691,2614.958,2633.386,2981386000
2023-05-22,2630.107,2669.226,2628.757,2658.789,2809853300
2023-05-23,2657.921,2662.386,2617.54,2617.54,3051396200
2023-05-24,2615.565,2615.565,2576.826,2577.342,3691243400
2023-05-25,2567.448,2572.188,2544.271,2564.505,3177204900
2023-05-26,2562.548,2569.225,2536.264,2559.614,2404861600
2023-05-29,2565.592,2566.833,2536.996,2548.286,2943982100
2023-05-30,2546.167,2553.949,2508.29,2535.144,3187403700
2023-05-31,2524.785,2525.113,2485.856,2493.35,3075485800
2023-06-01,2487.761,2522.857,2487.761,2500.34,3249022100
2023-06-02,2511.689,2547.094,2511.333,2543.576,3041823100
2023-06-05,2540.019,2542.477,2522.708,2528.399,2973441700
2023-06-06,2528.171,2560.056,2516.475,2519.189,3083059600
2023-06-07,2528.851,2537.227,2506.197,2511.393,2347939000
2023-06-08,2512.449,2549.324,2504.102,2540.065,2903328100
2023-06-09,2541.026,2550.586,2536.185,2543.932,2963860000
2023-06-12,2536.376,2553.994,2524.313,2542.196,3623516100
2023-06-13,2535.989,2547.851,2523.974,2544.95,2933167400
2023-06-14,2549.666,2564.342,2540.58,2541.813,3388306600
2023-06-15,2547.493,2576.742,2546.212,2576.742,3252079500
2023-06-16,2581.967,2604.635,2581.775,2600.919,3586129900
2023-06-19,2591.334,2591.334,2556.888,2560.529,3647335000
2023-06-20,2558.098,2564.545,2544.048,2547.254,2871367000
2023-06-21,2536.951,2548.925,2519.079,2519.079,3239175700
2023-06-26,2500.855,2503.113,2482.607,2488.738,3187947100
2023-06-27,2490.978,2513.984,2481.747,2506.599,3244820900
2023-06-28,2501.163,2511.616,2491.255,2510.715,2791063600
2023-06-29,2510.889,2513.551,2490.637,2490.897,2426959300
2023-06-30,2484.647,2508.245,2482.486,2492.102,2410424700
2023-07-03,2496.922,2537.694,2496.429,2534.474,3462487500
2023-07-04,2532.593,2539.818,2525.381,2537.596,3128696600
2023-07-05,2533.194,2537.195,2514.087,2520.175,3081395300
2023-07-06,2513.435,2525.557,2495.91,2501.317,2648765800
2023-07-07,2493.488,2500.579,2484.891,2489.535,2402585300
2023-07-10,2501.528,2520.149,2495.867,2503.277,2453913100
2023-07-11,2513.713,2521.049,2504.2,2518.528,2281569100
2023-07-12,2516.681,2529.533,2510.159,2513.417,3032302100
2023-07-13,2519.382,2547.782,2519.382,2546.381,3437478900
2023-07-14,2554.642,2556.849,2543.184,2547.939,3635319500
2023-07-17,2535.639,2535.639,2511.357,2520.786,3173539500
2023-07-18,2520.622,2520.622,2503.521,2511.635,2668199600
2023-07-19,2506.415,2518.901,2503.343,2517.106,2211909700
2023-07-20,2523.268,2535.609,2503.48,2506.863,2454900000
2023-07-21,2501.4,2527.28,2496.813,2509.293,2241300500
2023-07-24,2492.216,2509.777,2492.186,2500.0,1906578900
2023-07-25,2539.485,2578.96,2539.485,2578.351,4035765300
2023-07-26,2574.807,2581.253,2564.887,2576.39,2607063500
2023-07-27,2580.243,2596.326,2569.099,2575.365,2976257200
2023-07-28,2564.874,2653.258,2563.156,2647.032,4856652800
2023-07-31,2666.486,2700.739,2644.095,2653.369,5174480600
2023-08-01,2652.237,2670.248,2636.152,2645.893,3917887500
2023-08-02,2635.545,2651.184,2612.346,2620.684,3712302900
2023-08-03,2617.791,2647.359,2612.399,2645.153,3404230400
2023-08-04,2664.587,2680.744,2646.152,2648.845,4820363400
2023-08-07,2635.778,2636.693,2622.674,2634.581,3174860900
2023-08-08,2625.667,2646.597,2610.807,2631.377,2736648600
2023-08-09,2623.151,2638.086,2622.064,2628.704,2398730700
2023-08-10,2623.799,2632.573,2609.824,2629.443,2462832500
2023-08-11,2630.987,2631.801,2568.898,2568.898,3599680200
2023-08-14,2538.848,2554.395,2526.07,2549.284,3354409800
2023-08-15,2550.937,2556.003,2522.238,2546.442,2788849100
2023-08-16,2533.901,2549.944,2529.435,2530.81,2562980600
2023-08-17,2516.745,2540.538,2507.903,2536.489,2478354400
2023-08-18,2537.136,2545.802,2507.58,2507.58,2630578100
2023-08-21,2498.128,2508.959,2475.09,2475.09,2864364700
2023-08-22,2485.558,2505.027,2464.28,2493.764,4126152000
2023-08-23,2491.368,2498.319,2459.328,2461.187,2965461700
2023-08-24,2468.325,2497.192,2466.86,2480.752,3666582000
2023-08-25,2468.736,2502.194,2466.547,2485.334,3008535300
2023-08-28,2612.311,2612.978,2507.978,2518.186,5452723900
2023-08-29,2512.317,2546.686,2511.791,2529.223,3990953400
2023-08-30,2540.841,2540.841,2518.655,2522.542,3581796200
2023-08-31,2526.686,2532.175,2505.826,2510.458,2968520200
2023-09-01,2520.699,2544.052,2520.699,2532.254,2908210400
2023-09-04,2550.172,2583.665,2547.592,2577.465,4065693600
2023-09-05,2569.758,2569.758,2557.967,2561.79,2668467300
2023-09-06,2553.594,2564.427,2544.602,2559.357,2386205400
2023-09-07,2552.363,2552.857,2531.102,2534.156,2524243200
2023-09-08,2527.458,2529.851,2512.411,2519.969,1804262900
2023-09-11,2519.296,2550.009,2519.296,2536.171,2445402400
2023-09-12,2533.596,2538.69,2527.337,2531.826,2058490500
2023-09-13,2536.387,2543.124,2510.094,2524.541,2419965600
2023-09-14,2529.193,2539.672,2519.402,2530.979,3121548900
2023-09-15,2538.258,2546.423,2508.239,2514.979,3366639900
2023-09-18,2509.146,2532.429,2503.021,2531.897,2542094200
2023-09-19,2529.483,2533.788,2517.398,2532.279,2294070400
2023-09-20,2527.75,2529.02,2519.133,2521.562,2288247300
2023-09-21,2515.468,2519.911,2495.739,2495.739,2389141700
2023-09-22,2498.243,2550.983,2489.323,2550.983,3297857500
2023-09-25,2548.888,2548.888,2526.068,2529.15,2556988100
2023-09-26,2526.352,2534.203,2512.027,2513.407,2334196400
2023-09-27,2515.82,2538.684,2514.231,2520.14,2754083200
2023-09-28,2530.228,2531.067,2504.211,2507.086,2491669100
2023-10-09,2497.475,2504.02,2474.814,2499.567,2760836000
2023-10-10,2510.506,2513.854,2481.394,2482.535,2870204000
2023-10-11,2497.561,2502.633,2486.372,2490.855,2637228700
2023-10-12,2518.832,2524.201,2504.366,2514.39,3366137200
2023-10-13,2495.147,2499.065,2482.886,2489.125,2579237400
2023-10-16,2490.916,2491.622,2461.378,2468.436,2508081200
2023-10-17,2474.124,2480.936,2462.37,2478.905,2348854800
2023-10-18,2471.588,2478.681,2463.658,2467.192,2459189400
2023-10-19,2450.17,2450.184,2400.192,2401.93,3114968500
2023-10-20,2394.619,2402.786,2379.742,2389.22,2792940900
2023-10-23,2380.303,2390.803,2351.446,2369.935,2646995600
2023-10-24,2374.873,2382.728,2355.588,2378.439,3145228600
2023-10-25,2402.749,2408.892,2383.101,2386.303,3999164900
2023-10-26,2375.039,2394.986,2372.54,2393.734,2846266600
2023-10-27,2383.989,2426.801,2380.335,2414.913,3164753600
2023-10-30,2406.946,2420.982,2403.267,2414.156,3970669700
2023-10-31,2409.895,2416.574,2400.261,2411.479,3139368100
2023-11-01,2456.381,2456.381,2416.677,2420.735,2595050600
2023-11-02,2429.719,2440.336,2416.663,2417.459,2531333000
2023-11-03,2419.687,2443.301,2418.919,2436.941,2443024900
2023-11-06,2452.84,2460.763,2443.391,2456.775,3944849300
2023-11-07,2450.267,2450.383,2436.375,2443.966,2540951200
2023-11-08,2436.874,2448.869,2426.195,2436.698,2541617100
2023-11-09,2428.508,2444.351,2427.641,2436.235,2842391400
2023-11-10,2424.492,2428.118,2409.045,2414.017,2447768500
2023-11-13,2415.957,2421.173,2396.306,2407.589,2345548200
2023-11-14,2410.477,2419.218,2397.18,2406.397,2342180200
2023-11-15,2428.82,2431.825,2419.636,2427.124,2462213100
2023-11-16,2422.849,2425.303,2402.108,2404.319,2220015700
2023-11-17,2396.593,2401.792,2379.332,2398.204,2230109300
2023-11-20,2399.764,2413.309,2383.559,2404.767,2123867300
2023-11-21,2415.133,2432.771,2412.005,2416.241,2646261600
2023-11-22,2408.977,2414.236,2396.904,2396.904,2172445500
2023-11-23,2393.495,2407.198,2386.575,2405.165,1980160100
2023-11-24,2403.922,2403.922,2390.167,2391.021,2023420300
2023-11-27,2387.982,2387.982,2357.09,2370.719,2682100100
2023-11-28,2368.92,2374.968,2361.742,2371.212,2006451400
2023-11-29,2374.033,2374.357,2351.1,2358.116,2573910400
2023-11-30,2358.206,2370.949,2354.687,2365.996,2564201900
2023-12-01,2362.626,2362.626,2330.739,2352.0,2835755000
2023-12-04,2351.311,2353.0,2332.849,2333.879,2300455000
2023-12-05,2327.336,2327.336,2285.963,2286.581,2519387400
2023-12-06,2281.732,2298.295,2275.282,2284.064,3067773100
2023-12-07,2280.092,2284.938,2259.822,2274.828,2595956000
2023-12-08,2274.184,2287.09,2269.276,2281.649,3351291000
2023-12-11,2264.994,2299.663,2244.281,2292.679,3501008200
2023-12-12,2285.207,2306.044,2282.089,2305.138,2884871400
2023-12-13,2298.273,2298.273,2260.599,2261.018,2486634600
2023-12-14,2274.248,2280.848,2249.389,2249.939,2062691400
2023-12-15,2262.037,2283.543,2244.801,2245.288,2745867800
2023-12-18,2237.006,2260.349,2227.976,2251.23,2588191500
2023-12-19,2248.453,2264.294,2238.871,2257.21,2211956000
2023-12-20,2253.677,2258.494,2236.876,2237.581,2497942000
2023-12-21,2228.77,2266.772,2227.971,2261.382,2872694400
2023-12-22,2262.161,2282.772,2251.446,2270.502,2959618100
2023-12-25,2266.392,2276.126,2263.603,2272.958,1943456100
2023-12-26,2273.045,2273.045,2255.353,2262.21,1989912700
2023-12-27,2263.487,2271.233,2250.015,2266.544,2676112500
2023-12-28,2267.056,2322.049,2265.234,2317.703,4292256600
2023-12-29,2314.068,2327.677,2309.427,2326.173,3036234300
2024-01-02,2316.435,2316.735,2292.229,2292.229,3137547700
2024-01-03,2287.755,2299.683,2283.594,2294.836,2931437500
2024-01-04,2293.458,2296.115,2260.354,2279.036,3212578800
2024-01-05,2272.936,2295.605,2256.598,2268.538,3558937200
2024-01-08,2265.242,2272.035,2240.555,2243.842,3150065600
2024-01-09,2243.41,2251.541,2234.915,2245.622,3026932800
2024-01-10,2239.03,2257.854,2233.181,2235.209,2571329800
2024-01-11,2234.818,2251.075,2226.278,2240.106,3052442500
2024-01-12,2231.286,2250.731,2229.589,2237.207,2589377800
2024-01-15,2227.362,2256.8,2225.236,2238.503,2371509500
2024-01-16,2231.824,2249.051,2223.437,2248.975,2878223700
2024-01-17,2241.016,2242.61,2199.259,2199.259,3062829200
2024-01-18,2191.889,2242.326,2163.868,2238.459,5494474100
2024-01-19,2227.733,2250.611,2218.174,2243.54,3586511400
2024-01-22,2237.773,2257.589,2206.764,2230.609,4478620900
2024-01-23,2220.499,2239.654,2204.369,2226.371,3401531100
2024-01-24,2238.332,2264.521,2209.507,2260.558,4419803300
2024-01-25,2264.022,2314.496,2261.372,2312.854,6194537700
2024-01-26,2303.322,2323.351,2295.962,2314.374,5831629900
2024-01-29,2312.697,2327.361,2304.436,2304.436,5954904300
2024-01-30,2292.221,2303.718,2270.979,2270.979,4326759800
2024-01-31,2261.118,2273.095,2243.904,2254.299,4292875700
2024-02-01,2245.475,2270.068,2238.713,2248.268,3989013800
2024-02-02,2252.654,2264.056,2184.772,2229.014,5063711900
2024-02-05,2221.945,2270.373,2203.074,2255.281,5931402200
2024-02-06,2250.111,2321.448,2246.816,2318.842,5838507600
2024-02-07,2323.125,2344.794,2305.514,2344.151,6478409900
2024-02-08,2345.078,2355.771,2330.828,2352.578,5048620100
2024-02-19,2368.448,2371.548,2348.406,2371.548,5216022500
2024-02-20,2367.919,2372.863,2353.968,2369.083,3748607900
2024-02-21,2359.182,2439.214,2355.402,2410.228,5000538200
2024-02-22,2403.875,2433.233,2403.003,2433.082,3755541100
2024-02-23,2431.866,2447.799,2424.171,2433.407,4006307200
2024-02-26,2427.23,2430.973,2388.393,2393.549,4132834000
2024-02-27,2383.135,2405.061,2381.571,2405.061,3360096000
2024-02-28,2405.878,2417.326,2385.61,2385.61,4476390700
2024-02-29,2378.138,2413.136,2378.138,2413.136,3519252800
2024-03-01,2408.302,2420.378,2397.64,2414.844,3443500700
2024-03-04,2412.08,2422.817,2404.922,2418.584,4029811300
2024-03-05,2410.462,2450.055,2407.051,2446.417,4395609300
2024-03-06,2443.851,2450.432,2433.07,2434.116,3875397500
2024-03-07,2430.424,2446.295,2418.128,2426.973,3833578600
2024-03-08,2423.135,2433.333,2410.148,2426.168,3491125700
2024-03-11,2426.727,2443.106,2418.338,2443.106,3915214500
2024-03-12,2443.232,2458.917,2436.078,2450.469,5057728500
2024-03-13,2445.796,2445.796,2419.453,2427.597,3694867300
2024-03-14,2431.771,2446.88,2415.062,2423.856,3688224600
2024-03-15,2417.572,2430.593,2409.61,2427.197,3300750900
2024-03-18,2424.922,2438.833,2419.876,2438.191,3704725200
2024-03-19,2430.304,2441.605,2416.029,2416.835,3433251500
2024-03-20,2412.607,2430.72,2408.484,2426.459,3083861000
2024-03-21,2432.931,2441.274,2424.876,2427.101,2920841500
2024-03-22,2417.937,2420.774,2386.205,2403.202,3407355500
2024-03-25,2398.321,2418.315,2393.06,2401.211,3438373100
2024-03-26,2404.205,2415.714,2398.601,2413.742,3136249800
2024-03-27,2408.914,2421.135,2398.937,2398.937,3207291600
2024-03-28,2395.217,2424.767,2387.416,2401.987,3687080000
2024-03-29,2399.456,2418.563,2399.279,2414.92,3413358600
2024-04-01,2422.735,2448.877,2422.735,2441.567,3621001300
2024-04-02,2441.489,2447.374,2428.027,2435.757,3572642800
2024-04-03,2439.432,2441.67,2423.876,2430.169,3195998600
2024-04-08,2419.029,2431.405,2407.359,2414.091,3987359600
2024-04-09,2411.781,2418.597,2399.283,2404.609,3562286700
2024-04-10,2403.731,2412.59,2388.683,2396.743,3361270700
2024-04-11,2383.703,2402.75,2380.513,2394.867,3128803600
2024-04-12,2397.284,2402.643,2370.277,2374.047,3236375800
2024-04-15,2367.86,2424.925,2367.763,2424.017,5013050200
2024-04-16,2414.756,2429.386,2398.432,2412.322,4695248200
2024-04-17,2407.964,2440.578,2397.439,2439.856,4594460200
2024-04-18,2430.703,2468.357,2429.626,2445.205,4662446200
2024-04-19,2433.978,2444.02,2424.172,2430.582,3888469000
2024-04-22,2433.181,2450.256,2422.767,2424.747,4036806100
2024-04-23,2420.623,2426.886,2409.95,2413.739,3793205500
2024-04-24,2422.627,2426.958,2406.881,2424.119,2938685900
2024-04-25,2419.5,2437.312,2411.571,2431.622,2831781800
2024-04-26,2432.758,2467.274,2432.758,2461.856,4783802900
2024-04-29,2458.178,2492.927,2453.478,2474.34,5340119700
2024-04-30,2473.514,2484.101,2464.244,2464.244,4681437000
2024-05-06,2495.467,2505.597,2487.322,2495.762,5600781100
2024-05-07,2496.015,2504.034,2489.367,2499.771,3804263100
2024-05-08,2495.624,2497.15,2484.383,2486.019,3230611100
2024-05-09,2483.66,2506.279,2483.66,2501.731,3766211100
2024-05-10,2508.061,2515.024,2492.362,2508.575,4052864200
2024-05-13,2499.69,2512.242,2487.654,2506.459,4103674800
2024-05-14,2507.198,2510.424,2491.248,2496.736,3388568700
2024-05-15,2494.764,2498.953,2475.959,2477.39,2945728800
2024-05-16,2484.272,2498.89,2475.838,2489.414,3919933900
2024-05-17,2492.571,2524.179,2485.819,2524.171,4421856300
2024-05-20,2529.916,2544.525,2524.194,2532.824,4669198500
2024-05-21,2526.937,2531.633,2518.27,2525.233,3311864500
2024-05-22,2524.694,2535.064,2519.026,2529.04,3807604800
2024-05-23,2518.144,2519.071,2495.161,2500.821,3504800300
2024-05-24,2494.368,2504.413,2473.231,2474.425,3129424200
2024-05-27,2478.259,2500.115,2478.259,2497.601,3577089700
2024-05-28,2498.026,2505.787,2486.097,2490.161,3300357300
2024-05-29,2489.519,2510.072,2486.582,2493.169,3178511100
2024-05-30,2488.319,2500.311,2468.256,2473.758,3434998300
2024-05-31,2480.213,2487.129,2462.183,2462.183,2859317000
2024-06-03,2461.35,2476.8,2454.985,2469.017,3293523400
2024-06-04,2465.61,2488.751,2462.665,2483.319,3190318300
2024-06-05,2477.307,2483.331,2467.455,2468.192,2945385700
2024-06-06,2474.232,2492.047,2462.13,2467.887,3689726300
2024-06-07,2473.174,2476.465,2444.93,2457.257,3643610500
2024-06-11,2444.548,2449.647,2415.112,2423.618,4140154900
2024-06-12,2420.899,2427.838,2412.99,2423.607,3794960400
2024-06-13,2425.923,2426.329,2406.992,2412.074,3085107100
2024-06-14,2405.79,2433.054,2399.985,2426.509,4127796600
2024-06-17,2412.092,2418.935,2408.873,2416.341,3749595700
2024-06-18,2412.547,2424.931,2408.289,2415.428,3533834700
2024-06-19,2410.472,2418.738,2402.958,2413.972,3277529100
2024-06-20,2413.393,2422.7,2405.397,2408.338,3201302400
2024-06-21,2406.217,2411.528,2386.48,2398.957,3320203900
2024-06-24,2383.866,2418.916,2381.28,2404.085,3467133100
2024-06-25,2403.729,2410.142,2384.205,2394.215,3491913500
2024-06-26,2388.499,2404.457,2383.147,2398.256,2985950200
2024-06-27,2391.687,2395.811,2376.662,2388.561,3699057000
2024-06-28,2382.117,2406.364,2381.391,2394.875,3989864400
2024-07-01,2395.2,2407.054,2387.617,2405.467,3628124700
2024-07-02,2400.167,2421.751,2399.518,2416.679,3686694900
2024-07-03,2417.176,2421.083,2405.836,2414.866,3299160000
2024-07-04,2417.276,2428.939,2407.126,2407.903,3051157900
2024-07-05,2405.611,2411.928,2367.015,2386.004,3936343900
2024-07-08,2375.684,2387.888,2368.166,2371.689,3561756200
2024-07-09,2365.931,2396.176,2352.767,2389.384,3750447700
2024-07-10,2378.804,2392.877,2378.538,2381.831,3484625800
2024-07-11,2387.665,2400.229,2378.153,2396.407,3829559200
2024-07-12,2397.729,2414.762,2396.529,2412.618,3815709800
2024-07-15,2405.918,2424.412,2405.523,2420.521,3451860700
2024-07-16,2412.255,2426.586,2406.246,2424.755,3568839500
2024-07-17,2422.883,2439.317,2419.98,2432.833,3775036900
2024-07-18,2426.34,2446.768,2421.487,2444.509,3481404600
2024-07-19,2429.805,2462.742,2417.464,2456.79,4131548000
2024-07-22,2454.244,2454.5,2416.2,2432.55,4182968300
2024-07-23,2429.086,2431.268,2396.673,2396.673,4134068100
2024-07-24,2393.232,2407.11,2382.995,2390.954,3929666800
2024-07-25,2384.635,2387.892,2358.543,2369.715,4084689400
2024-07-26,2364.911,2368.271,2341.449,2355.316,4049401600
2024-07-29,2352.506,2359.984,2343.402,2348.478,3367131200
2024-07-30,2341.909,2341.909,2321.499,2335.312,3243289100
2024-07-31,2332.652,2378.881,2331.565,2375.394,5006664200
2024-08-01,2373.471,2375.791,2360.048,2360.422,3913415200
2024-08-02,2344.418,2360.414,2337.638,2343.715,3182747400
2024-08-05,2334.592,2362.31,2327.745,2328.922,3945745800
2024-08-06,2342.842,2346.299,2296.712,2313.336,3487371300
2024-08-07,2311.911,2330.152,2307.078,2314.426,2714599100
2024-08-08,2310.962,2334.462,2305.893,2320.425,2252893600
2024-08-09,2332.671,2338.237,2317.992,2317.992,2598880500
2024-08-12,2314.261,2323.421,2312.579,2316.911,2219498400
2024-08-13,2318.973,2321.542,2304.597,2317.653,2510921800
2024-08-14,2317.888,2317.888,2305.47,2306.115,2204993000
2024-08-15,2300.479,2343.207,2295.753,2335.938,2931562000
2024-08-16,2335.042,2348.153,2331.08,2345.048,3048157800
2024-08-19,2345.645,2367.405,2345.115,2357.031,3088515000
2024-08-20,2361.181,2361.299,2337.507,2346.638,2989810800
2024-08-21,2341.812,2345.974,2324.708,2339.072,2655089900
2024-08-22,2340.154,2344.993,2332.364,2341.151,3111291200
2024-08-23,2338.664,2361.063,2338.322,2355.379,2790004700
2024-08-26,2356.793,2361.883,2341.232,2352.273,2690047600
2024-08-27,2348.544,2355.574,2345.302,2350.414,3095252400
2024-08-28,2349.52,2352.695,2327.924,2336.148,3009226200
2024-08-29,2329.662,2335.675,2315.487,2317.664,4424629500
2024-08-30,2313.61,2354.627,2311.228,2335.215,6378604600
2024-09-02,2321.153,2326.08,2299.167,2299.933,4549928700
2024-09-03,2299.34,2301.694,2286.021,2291.178,4415887700
2024-09-04,2279.477,2289.39,2268.21,2271.807,3548246900
2024-09-05,2272.982,2281.528,2267.331,2275.118,3035256100
2024-09-06,2276.54,2288.927,2263.321,2263.563,2588600400
2024-09-09,2252.304,2256.002,2226.627,2232.959,3425068800
2024-09-10,2232.83,2240.588,2223.903,2235.687,3018400500
2024-09-11,2228.825,2228.825,2213.824,2220.798,3461552900
2024-09-12,2220.901,2227.732,2208.248,2209.56,2809530100
2024-09-13,2211.154,2222.563,2204.865,2205.812,2709850000
2024-09-18,2206.854,2225.912,2203.982,2218.656,2605462000
2024-09-19,2224.263,2239.984,2199.449,2229.805,3496837900
2024-09-20,2227.352,2237.98,2212.522,2233.257,3690208700
2024-09-23,2233.858,2254.161,2232.282,2243.025,2720725700
2024-09-24,2270.356,2352.318,2257.288,2352.145,6015910500
2024-09-25,2391.285,2426.694,2380.589,2386.323,6840310200
2024-09-26,2389.268,2498.323,2383.51,2498.18,6774296300
2024-09-27,2553.602,2571.085,2512.818,2571.085,6480077600
2024-09-30,2657.548,2778.288,2621.702,2755.404,15332445800
2024-10-08,3016.874,3016.874,2780.03,2853.138,16597323500
2024-10-09,2813.956,2825.739,2674.246,2680.715,12465337500
2024-10-10,2697.292,2801.12,2675.442,2739.051,11589175400
2024-10-11,2718.249,2737.082,2653.617,2680.388,7537801900
2024-10-14,2699.707,2737.273,2672.808,2723.183,8065500100
2024-10-15,2711.674,2726.986,2655.116,2655.116,5831414400
2024-10-16,2629.242,2677.22,2628.954,2650.176,5625971300
2024-10-17,2666.367,2680.06,2610.467,2610.467,4979685400
2024-10-18,2606.377,2722.646,2583.489,2681.912,7019820700
2024-10-21,2694.966,2701.358,2659.665,2681.057,7204222600
2024-10-22,2672.853,2704.346,2672.449,2692.661,5220816700
2024-10-23,2691.126,2728.258,2682.942,2708.046,5607679700
2024-10-24,2695.379,2699.0,2669.71,2680.704,4225333500
2024-10-25,2679.349,2705.331,2671.038,2683.325,4686145300
2024-10-28,2681.508,2686.289,2656.325,2686.289,5347497200
2024-10-29,2689.917,2712.283,2665.425,2667.939,5008428600
2024-10-30,2658.259,2674.37,2624.001,2634.738,4445068800
2024-10-31,2637.206,2654.646,2613.251,2633.117,5452962300
2024-11-01,2629.043,2674.251,2629.043,2651.535,6084439200
2024-11-04,2657.314,2675.771,2636.576,2675.771,4301567100
2024-11-05,2666.861,2727.667,2659.166,2727.667,5564248400
2024-11-06,2730.455,2743.127,2691.728,2706.615,5994081800
2024-11-07,2684.813,2800.612,2683.317,2797.86,6701724400
2024-11-08,2825.912,2833.07,2758.214,2765.539,6786175700
2024-11-11,2736.838,2754.974,2711.763,2753.745,6133865800
2024-11-12,2744.946,2778.886,2701.61,2712.265,6011485400
2024-11-13,2697.186,2737.504,2696.689,2728.229,6264407700
2024-11-14,2719.455,2743.755,2700.204,2704.152,6046957100
2024-11-15,2696.961,2712.878,2671.452,2671.452,7004026200
2024-11-18,2683.493,2725.301,2668.059,2678.274,9104571000
2024-11-19,2679.551,2683.368,2637.847,2671.189,6700301800
2024-11-20,2667.449,2686.375,2657.584,2676.207,4501762200
2024-11-21,2674.434,2686.315,2666.568,2680.798,3720238400
2024-11-22,2679.651,2683.745,2601.546,2601.557,4855176400
2024-11-25,2610.961,2620.03,2568.955,2582.054,4559353000
2024-11-26,2576.809,2607.125,2573.966,2592.737,3993165300
2024-11-27,2588.889,2626.326,2583.467,2625.761,4107905400
2024-11-28,2625.507,2630.803,2598.748,2610.121,3430873900
2024-11-29,2612.234,2660.393,2610.715,2624.956,4300156100
2024-12-02,2621.144,2643.867,2613.616,2639.041,4460883600
2024-12-03,2638.806,2658.152,2626.208,2652.898,4737315600
2024-12-04,2651.785,2660.802,2638.113,2648.755,4808817100
2024-12-05,2637.627,2647.984,2629.631,2635.562,3367652100
2024-12-06,2636.607,2682.689,2636.607,2665.428,4389449100
2024-12-09,2666.289,2686.515,2658.431,2667.592,4592635300
2024-12-10,2741.751,2747.073,2684.717,2689.329,5944389900
2024-12-11,2684.591,2696.007,2671.522,2676.552,4080238700
2024-12-12,2673.944,2704.029,2667.637,2702.268,4127383100
2024-12-13,2684.293,2684.411,2636.973,2638.027,6159770500
2024-12-16,2637.74,2647.698,2635.247,2641.56,5409812000
2024-12-17,2637.35,2672.955,2637.35,2652.346,4427923400
2024-12-18,2662.032,2681.121,2661.898,2671.346,4425905600
2024-12-19,2652.195,2672.581,2642.683,2661.722,4021414000
2024-12-20,2654.849,2670.318,2644.836,2648.461,4249351000
2024-12-23,2648.919,2688.886,2648.919,2671.203,5662909900
2024-12-24,2671.909,2704.578,2666.341,2702.282,4646919800
2024-12-25,2706.567,2726.14,2700.681,2710.165,5101038100
2024-12-26,2709.592,2709.592,2692.868,2702.595,4177073600
2024-12-27,2701.209,2713.841,2686.501,2701.703,4489485500
2024-12-30,2700.225,2724.726,2700.225,2718.749,4499476300
2024-12-31,2715.207,2725.788,2684.771,2684.771,5074555400
2025-01-02,2682.416,2684.247,2595.399,2610.342,6116098400
2025-01-03,2615.351,2620.646,2579.439,2587.132,5080485800
2025-01-06,2589.335,2591.894,2555.928,2579.963,4448640200
2025-01-07,2576.677,2595.663,2566.679,2593.965,3921859800
2025-01-08,2587.527,2611.153,2565.599,2597.446,4625746300
2025-01-09,2595.692,2597.056,2574.603,2579.575,3435650600
2025-01-10,2585.2,2593.087,2560.25,2560.25,3616687800
2025-01-13,2545.379,2561.241,2533.313,2553.359,3969949500
2025-01-14,2556.422,2606.089,2549.169,2598.807,4268818400
2025-01-15,2592.316,2606.066,2587.464,2591.503,4121351100
2025-01-16,2601.123,2614.601,2572.109,2580.118,3898711000
2025-01-17,2572.966,2595.164,2561.968,2582.486,3425023200
2025-01-20,2595.325,2609.652,2585.127,2589.069,3626121600
2025-01-21,2598.831,2599.887,2579.668,2584.889,3436658700
2025-01-22,2580.105,2580.186,2544.26,2551.354,3984615800
2025-01-23,2571.828,2605.865,2564.751,2567.477,5132399500
2025-01-24,2562.866,2594.581,2559.492,2579.096,3766363300
2025-01-27,2582.839,2597.351,2582.087,2583.652,3919676400
2025-02-05,2604.139,2604.316,2556.483,2561.942,4353546500
2025-02-06,2559.827,2585.289,2554.475,2580.426,3989533600
2025-02-07,2578.683,2624.675,2570.181,2608.089,5833741100
2025-02-10,2612.061,2628.391,2606.295,2621.04,5606320700
2025-02-11,2625.183,2626.175,2607.244,2614.322,5171276900
2025-02-12,2611.962,2641.729,2607.268,2640.046,4430140900
2025-02-13,2638.981,2663.785,2635.449,2641.131,4634408100
2025-02-14,2638.208,2662.292,2633.707,2660.855,5637142600
2025-02-17,2665.545,2672.03,2647.452,2664.475,6941059400
2025-02-18,2659.088,2679.823,2644.295,2651.112,6509496300
2025-02-19,2648.356,2673.519,2643.956,2663.603,5621433000
2025-02-20,2659.126,2659.6,2641.91,2648.167,4809942900
2025-02-21,2657.801,2686.334,2649.201,2682.239,6848862300
2025-02-24,2674.691,2692.808,2661.321,2674.117,6852148100
2025-02-25,2654.134,2664.157,2636.903,2643.233,5332716800
2025-02-26,2649.901,2667.024,2645.991,2666.656,5192303900
2025-02-27,2664.319,2681.507,2655.001,2679.077,5367300400
2025-02-28,2670.426,2691.294,2638.957,2638.957,5633522900
2025-03-03,2645.011,2655.311,2619.194,2628.524,4969281100
2025-03-04,2617.92,2629.667,2609.337,2621.217,4185128000
2025-03-05,2623.717,2644.754,2619.79,2641.446,4839750000
2025-03-06,2655.538,2689.454,2655.538,2683.949,5771422600
2025-03-07,2677.574,2695.377,2675.418,2682.016,4431739300
2025-03-10,2682.883,2683.605,2653.027,2668.806,5083862300
2025-03-11,2644.819,2682.223,2644.082,2682.223,4219446100
2025-03-12,2684.72,2686.782,2666.488,2669.015,4344953300
2025-03-13,2670.993,2684.125,2655.333,2664.617,4249506800
2025-03-14,2674.495,2748.103,2674.026,2740.507,6548515200
2025-03-17,2755.49,2755.944,2734.505,2737.923,4438073900
2025-03-18,2749.322,2751.726,2737.008,2739.745,3861119800
2025-03-19,2737.313,2757.618,2733.566,2746.963,4632842300
2025-03-20,2748.294,2749.221,2713.467,2718.186,3971076500
2025-03-21,2712.738,2722.49,2669.79,2675.358,4681078200
2025-03-24,2675.461,2696.344,2675.461,2693.331,4492393200
2025-03-25,2695.297,2698.547,2685.287,2691.898,3709621400
2025-03-26,2692.417,2696.536,2675.703,2677.312,3783318900
2025-03-27,2673.935,2704.743,2673.774,2690.843,3647372300
2025-03-28,2691.666,2692.703,2673.238,2679.74,3592005300
2025-03-31,2676.051,2692.444,2657.302,2665.634,4995136400
2025-04-01,2669.005,2674.113,2659.022,2662.711,4084747700
2025-04-02,2659.103,2669.357,2653.452,2658.621,3216863400
2025-04-03,2631.475,2671.712,2631.475,2662.252,4217357100
2025-04-07,2555.71,2579.597,2457.08,2516.965,10270123100
2025-04-08,2526.508,2574.353,2510.636,2574.353,9015352300
2025-04-09,2548.487,2597.102,2541.552,2597.102,7771869600
2025-04-10,2628.522,2628.522,2590.763,2612.619,6111983100
2025-04-11,2620.774,2621.163,2595.499,2619.576,4493927600
2025-04-14,2623.568,2636.79,2615.393,2628.206,4512328300
2025-04-15,2624.201,2637.75,2615.367,2634.593,4200538600
2025-04-16,2639.202,2661.781,2616.87,2658.496,5122473200
2025-04-17,2648.046,2661.804,2639.972,2659.896,3787998500
2025-04-18,2648.66,2666.271,2645.869,2657.637,3035317200
2025-04-21,2655.545,2671.344,2652.654,2652.81,3441198200
2025-04-22,2651.491,2667.838,2650.331,2656.539,3722082200
2025-04-23,2662.926,2664.467,2646.361,2648.83,3304635800
2025-04-24,2648.768,2665.729,2648.757,2655.364,3125267900
2025-04-25,2660.159,2663.345,2643.398,2648.81,3238096000
2025-04-28,2643.136,2658.462,2636.409,2651.225,3290945100
2025-04-29,2650.432,2655.341,2639.8,2645.512,2804263100
2025-04-30,2646.064,2651.299,2631.84,2633.16,4321765700
2025-05-06,2650.464,2650.464,2633.409,2647.717,4070526000
2025-05-07,2685.558,2685.558,2656.2,2670.702,4705582500
2025-05-08,2661.266,2695.777,2658.673,2679.509,3344907700
2025-05-09,2676.124,2689.6,2676.124,2684.006,3277870600
2025-05-12,2688.748,2710.611,2681.956,2702.617,3912399000
2025-05-13,2713.11,2713.11,2702.057,2708.059,3996550700
2025-05-14,2708.558,2766.253,2708.418,2753.785,4648515500
2025-05-15,2748.535,2758.084,2735.904,2740.298,3787844800
2025-05-16,2734.745,2739.057,2706.466,2716.662,3700633600
2025-05-19,2710.322,2716.865,2701.252,2705.088,2695161100
2025-05-20,2710.393,2729.761,2710.393,2716.629,2930979600
2025-05-21,2716.838,2740.771,2716.838,2728.426,3142634100
2025-05-22,2725.448,2738.238,2718.786,2733.632,2783507000
2025-05-23,2731.183,2742.118,2711.852,2711.852,3366853600
2025-05-26,2708.217,2719.701,2692.679,2699.423,3071338100
2025-05-27,2699.692,2709.288,2684.709,2685.281,2709668700
2025-05-28,2686.727,2691.483,2681.855,2683.063,2517173400
2025-05-29,2684.487,2703.993,2677.807,2690.893,2747183600
2025-05-30,2688.957,2696.145,2669.166,2678.696,3215169200
2025-06-03,2674.768,2697.394,2671.336,2687.296,3360848400
2025-06-04,2688.735,2699.67,2687.305,2690.824,2760383000
2025-06-05,2692.54,2695.875,2682.537,2692.129,3077905600
2025-06-06,2691.629,2700.813,2685.245,2688.85,2984988100
2025-06-09,2689.73,2698.363,2681.694,2686.828,3568689100
2025-06-10,2690.869,2700.177,2670.148,2676.401,4146051500
2025-06-11,2676.672,2704.447,2676.672,2692.137,3557342600
2025-06-12,2689.678,2696.782,2674.312,2691.275,3448062500
2025-06-13,2684.882,2690.351,2669.113,2676.433,4799104800
2025-06-16,2666.822,2687.111,2664.429,2685.009,3993590500
2025-06-17,2685.386,2688.614,2672.683,2683.953,3312160700
2025-06-18,2685.466,2690.903,2668.865,2679.922,3666720300
2025-06-19,2678.356,2680.867,2658.493,2665.52,3764503000
2025-06-20,2661.21,2681.526,2661.21,2673.719,3631650600
2025-06-23,2664.636,2692.91,2656.678,2684.776,4295954600
2025-06-24,2685.853,2731.177,2685.853,2715.922,4902826300
2025-06-25,2714.626,2750.389,2707.403,2747.728,5086489400
2025-06-26,2740.233,2747.606,2734.945,2738.466,4284062500
2025-06-27,2738.93,2749.547,2705.778,2707.569,5708183200
2025-06-30,2702.115,2716.298,2695.42,2711.985,3830502000
2025-07-01,2714.967,2721.404,2708.186,2717.713,3303005700
2025-07-02,2720.847,2729.71,2711.597,2722.552,3517749500
2025-07-03,2726.112,2728.168,2713.966,2724.549,3226851000
2025-07-04,2722.178,2761.922,2715.553,2740.444,3931112900
2025-07-07,2736.012,2736.259,2723.959,2731.532,2931900300
2025-07-08,2732.054,2750.465,2730.19,2747.188,3408044900
2025-07-09,2746.14,2759.059,2739.208,2739.92,4783811500
2025-07-10,2739.231,2777.415,2739.231,2756.935,5414201200
2025-07-11,2754.663,2805.557,2754.663,2756.773,7645451800
2025-07-14,2761.479,2774.227,2757.808,2757.808,5149040200
2025-07-15,2758.718,2765.496,2731.319,2747.227,4117244700
2025-07-16,2748.166,2754.058,2729.913,2740.901,3424593100
2025-07-17,2737.351,2744.744,2732.349,2744.26,3615109400
2025-07-18,2746.328,2768.898,2746.328,2764.516,4213080300
2025-07-21,2770.363,2777.048,2763.351,2772.239,4995433700
2025-07-22,2773.405,2795.49,2760.309,2792.182,6831003000
2025-07-23,2798.964,2824.858,2794.812,2801.2,6792983100
2025-07-24,2797.263,2819.13,2791.784,2812.443,6028280000
